Punto,Fecha_Corrida,Fecha_Local,Lead_Time,T2,PP,Fecha_Corrida_UTC
Termas del Flaco,2026-10-06,2026-10-06 01:00:00,1,-0.19,2.08,
BT Tinguiririca,2026-10-06,2026-10-06 01:00:00,1,0.27,2.56,
BT Portillo,2026-10-06,2026-10-06 01:00:00,1,1.41,2.05,
HLC,2026-10-06,2026-10-06 01:00:00,1,1.65,1.95,
HLH,2026-10-06,2026-10-06 01:00:00,1,6.32,1.24,
La Rufina,2026-10-06,2026-10-06 01:00:00,1,7.11,1.5,
San Fernando,2026-10-06,2026-10-06 01:00:00,1,10.43,1.51,
Mi Casa,2026-10-06,2026-10-06 01:00:00,1,10.21,0.42,
Termas del Flaco,2026-10-06,2026-10-06 02:00:00,2,-0.34,1.62,
BT Tinguiririca,2026-10-06,2026-10-06 02:00:00,2,0.53,1.89,
BT Portillo,2026-10-06,2026-10-06 02:00:00,2,1.39,1.13,
HLC,2026-10-06,2026-10-06 02:00:00,2,2.04,1.13,
HLH,2026-10-06,2026-10-06 02:00:00,2,6.69,0.22,
La Rufina,2026-10-06,2026-10-06 02:00:00,2,7.41,0.45,
San Fernando,2026-10-06,2026-10-06 02:00:00,2,10.36,1.51,
Mi Casa,2026-10-06,2026-10-06 02:00:00,2,10.13,0.43,
Termas del Flaco,2026-10-06,2026-10-06 03:00:00,3,-0.04,1.97,
BT Tinguiririca,2026-10-06,2026-10-06 03:00:00,3,0.61,1.94,
BT Portillo,2026-10-06,2026-10-06 03:00:00,3,1.06,1.42,
HLC,2026-10-06,2026-10-06 03:00:00,3,1.94,1.17,
HLH,2026-10-06,2026-10-06 03:00:00,3,6.81,0.47,
La Rufina,2026-10-06,2026-10-06 03:00:00,3,7.51,0.7,
San Fernando,2026-10-06,2026-10-06 03:00:00,3,10.45,1.44,
Mi Casa,2026-10-06,2026-10-06 03:00:00,3,10.09,0.51,
Termas del Flaco,2026-10-06,2026-10-06 04:00:00,4,0.44,2.38,
BT Tinguiririca,2026-10-06,2026-10-06 04:00:00,4,1.15,2.29,
BT Portillo,2026-10-06,2026-10-06 04:00:00,4,2.41,1.55,
HLC,2026-10-06,2026-10-06 04:00:00,4,2.53,0.71,
HLH,2026-10-06,2026-10-06 04:00:00,4,7.32,0.12,
La Rufina,2026-10-06,2026-10-06 04:00:00,4,7.99,0.28,
San Fernando,2026-10-06,2026-10-06 04:00:00,4,10.68,2.13,
Mi Casa,2026-10-06,2026-10-06 04:00:00,4,10.37,0.93,
Termas del Flaco,2026-10-06,2026-10-06 05:00:00,5,0.42,6.13,
BT Tinguiririca,2026-10-06,2026-10-06 05:00:00,5,1.4,3.03,
BT Portillo,2026-10-06,2026-10-06 05:00:00,5,3.02,3.42,
HLC,2026-10-06,2026-10-06 05:00:00,5,2.77,2.63,
HLH,2026-10-06,2026-10-06 05:00:00,5,7.51,0.9,
La Rufina,2026-10-06,2026-10-06 05:00:00,5,8.28,0.99,
San Fernando,2026-10-06,2026-10-06 05:00:00,5,11.04,2.72,
Mi Casa,2026-10-06,2026-10-06 05:00:00,5,10.89,1.22,
Termas del Flaco,2026-10-06,2026-10-06 06:00:00,6,0.64,7.18,
BT Tinguiririca,2026-10-06,2026-10-06 06:00:00,6,1.5,4.34,
BT Portillo,2026-10-06,2026-10-06 06:00:00,6,3.48,6.67,
HLC,2026-10-06,2026-10-06 06:00:00,6,2.76,5.25,
HLH,2026-10-06,2026-10-06 06:00:00,6,7.85,1.59,
La Rufina,2026-10-06,2026-10-06 06:00:00,6,8.82,0.93,
San Fernando,2026-10-06,2026-10-06 06:00:00,6,11.37,3.73,
Mi Casa,2026-10-06,2026-10-06 06:00:00,6,11.32,1.29,
Termas del Flaco,2026-10-06,2026-10-06 07:00:00,7,0.97,7.25,
BT Tinguiririca,2026-10-06,2026-10-06 07:00:00,7,1.43,5.53,
BT Portillo,2026-10-06,2026-10-06 07:00:00,7,3.03,7.68,
HLC,2026-10-06,2026-10-06 07:00:00,7,3.06,6.56,
HLH,2026-10-06,2026-10-06 07:00:00,7,9.16,2.69,
La Rufina,2026-10-06,2026-10-06 07:00:00,7,9.83,1.64,
San Fernando,2026-10-06,2026-10-06 07:00:00,7,11.59,5.85,
Mi Casa,2026-10-06,2026-10-06 07:00:00,7,11.57,2.9,
Termas del Flaco,2026-10-06,2026-10-06 08:00:00,8,1.06,8.3,
BT Tinguiririca,2026-10-06,2026-10-06 08:00:00,8,1.03,8.88,
BT Portillo,2026-10-06,2026-10-06 08:00:00,8,2.39,8.08,
HLC,2026-10-06,2026-10-06 08:00:00,8,2.9,8.89,
HLH,2026-10-06,2026-10-06 08:00:00,8,9.25,3.76,
La Rufina,2026-10-06,2026-10-06 08:00:00,8,9.87,2.01,
San Fernando,2026-10-06,2026-10-06 08:00:00,8,11.91,4.54,
Mi Casa,2026-10-06,2026-10-06 08:00:00,8,12.09,2.48,
Termas del Flaco,2026-10-06,2026-10-06 09:00:00,9,0.95,7.7,
BT Tinguiririca,2026-10-06,2026-10-06 09:00:00,9,1.03,9.34,
BT Portillo,2026-10-06,2026-10-06 09:00:00,9,2.06,7.58,
HLC,2026-10-06,2026-10-06 09:00:00,9,2.69,8.65,
HLH,2026-10-06,2026-10-06 09:00:00,9,9.15,2.9,
La Rufina,2026-10-06,2026-10-06 09:00:00,9,9.58,1.46,
San Fernando,2026-10-06,2026-10-06 09:00:00,9,11.43,3.84,
Mi Casa,2026-10-06,2026-10-06 09:00:00,9,11.38,2.06,
Termas del Flaco,2026-10-06,2026-10-06 10:00:00,10,0.83,6.63,
BT Tinguiririca,2026-10-06,2026-10-06 10:00:00,10,1.06,8.86,
BT Portillo,2026-10-06,2026-10-06 10:00:00,10,1.74,9.02,
HLC,2026-10-06,2026-10-06 10:00:00,10,2.29,10.06,
HLH,2026-10-06,2026-10-06 10:00:00,10,8.12,7.38,
La Rufina,2026-10-06,2026-10-06 10:00:00,10,9.28,6.06,
San Fernando,2026-10-06,2026-10-06 10:00:00,10,11.27,6.89,
Mi Casa,2026-10-06,2026-10-06 10:00:00,10,11.2,4.22,
Termas del Flaco,2026-10-06,2026-10-06 11:00:00,11,0.58,8.32,
BT Tinguiririca,2026-10-06,2026-10-06 11:00:00,11,0.76,8.65,
BT Portillo,2026-10-06,2026-10-06 11:00:00,11,1.81,8.1,
HLC,2026-10-06,2026-10-06 11:00:00,11,1.94,9.81,
HLH,2026-10-06,2026-10-06 11:00:00,11,8.48,14.11,
La Rufina,2026-10-06,2026-10-06 11:00:00,11,9.17,15.45,
San Fernando,2026-10-06,2026-10-06 11:00:00,11,11.42,6.25,
Mi Casa,2026-10-06,2026-10-06 11:00:00,11,11.35,4.24,
Termas del Flaco,2026-10-06,2026-10-06 12:00:00,12,-0.18,8.35,
BT Tinguiririca,2026-10-06,2026-10-06 12:00:00,12,0.37,6.33,
BT Portillo,2026-10-06,2026-10-06 12:00:00,12,1.19,4.46,
HLC,2026-10-06,2026-10-06 12:00:00,12,1.45,6.09,
HLH,2026-10-06,2026-10-06 12:00:00,12,7.97,6.84,
La Rufina,2026-10-06,2026-10-06 12:00:00,12,8.58,7.84,
San Fernando,2026-10-06,2026-10-06 12:00:00,12,11.34,4.52,
Mi Casa,2026-10-06,2026-10-06 12:00:00,12,11.27,4.59,
Termas del Flaco,2026-10-06,2026-10-06 13:00:00,13,0.16,4.7,
BT Tinguiririca,2026-10-06,2026-10-06 13:00:00,13,0.54,3.59,
BT Portillo,2026-10-06,2026-10-06 13:00:00,13,1.37,3.2,
HLC,2026-10-06,2026-10-06 13:00:00,13,1.83,4.04,
HLH,2026-10-06,2026-10-06 13:00:00,13,7.73,3.4,
La Rufina,2026-10-06,2026-10-06 13:00:00,13,8.78,3.32,
San Fernando,2026-10-06,2026-10-06 13:00:00,13,11.44,3.45,
Mi Casa,2026-10-06,2026-10-06 13:00:00,13,11.29,4.48,
Termas del Flaco,2026-10-06,2026-10-06 14:00:00,14,0.5,4.25,
BT Tinguiririca,2026-10-06,2026-10-06 14:00:00,14,0.63,3.87,
BT Portillo,2026-10-06,2026-10-06 14:00:00,14,1.77,3.32,
HLC,2026-10-06,2026-10-06 14:00:00,14,2.39,3.86,
HLH,2026-10-06,2026-10-06 14:00:00,14,8.36,3.38,
La Rufina,2026-10-06,2026-10-06 14:00:00,14,8.5,3.31,
San Fernando,2026-10-06,2026-10-06 14:00:00,14,12.22,2.46,
Mi Casa,2026-10-06,2026-10-06 14:00:00,14,11.89,2.02,
Termas del Flaco,2026-10-06,2026-10-06 15:00:00,15,0.81,5.72,
BT Tinguiririca,2026-10-06,2026-10-06 15:00:00,15,1.0,4.44,
BT Portillo,2026-10-06,2026-10-06 15:00:00,15,1.67,3.99,
HLC,2026-10-06,2026-10-06 15:00:00,15,2.15,3.09,
HLH,2026-10-06,2026-10-06 15:00:00,15,8.65,2.49,
La Rufina,2026-10-06,2026-10-06 15:00:00,15,9.46,2.15,
San Fernando,2026-10-06,2026-10-06 15:00:00,15,12.84,2.98,
Mi Casa,2026-10-06,2026-10-06 15:00:00,15,12.63,1.51,
Termas del Flaco,2026-10-06,2026-10-06 16:00:00,16,0.4,6.53,
BT Tinguiririca,2026-10-06,2026-10-06 16:00:00,16,1.04,3.02,
BT Portillo,2026-10-06,2026-10-06 16:00:00,16,1.44,3.51,
HLC,2026-10-06,2026-10-06 16:00:00,16,2.75,2.05,
HLH,2026-10-06,2026-10-06 16:00:00,16,8.41,2.14,
La Rufina,2026-10-06,2026-10-06 16:00:00,16,9.93,2.39,
San Fernando,2026-10-06,2026-10-06 16:00:00,16,12.92,5.35,
Mi Casa,2026-10-06,2026-10-06 16:00:00,16,12.79,3.53,
Termas del Flaco,2026-10-06,2026-10-06 17:00:00,17,0.51,7.86,
BT Tinguiririca,2026-10-06,2026-10-06 17:00:00,17,1.32,5.34,
BT Portillo,2026-10-06,2026-10-06 17:00:00,17,1.07,3.93,
HLC,2026-10-06,2026-10-06 17:00:00,17,2.75,4.15,
HLH,2026-10-06,2026-10-06 17:00:00,17,8.62,2.91,
La Rufina,2026-10-06,2026-10-06 17:00:00,17,9.83,2.36,
San Fernando,2026-10-06,2026-10-06 17:00:00,17,12.66,3.44,
Mi Casa,2026-10-06,2026-10-06 17:00:00,17,12.27,1.94,
Termas del Flaco,2026-10-06,2026-10-06 18:00:00,18,0.15,8.54,
BT Tinguiririca,2026-10-06,2026-10-06 18:00:00,18,1.11,5.49,
BT Portillo,2026-10-06,2026-10-06 18:00:00,18,1.05,4.66,
HLC,2026-10-06,2026-10-06 18:00:00,18,2.45,4.26,
HLH,2026-10-06,2026-10-06 18:00:00,18,8.92,3.19,
La Rufina,2026-10-06,2026-10-06 18:00:00,18,9.24,2.27,
San Fernando,2026-10-06,2026-10-06 18:00:00,18,12.75,4.52,
Mi Casa,2026-10-06,2026-10-06 18:00:00,18,12.89,2.26,
Termas del Flaco,2026-10-06,2026-10-06 19:00:00,19,0.56,8.21,
BT Tinguiririca,2026-10-06,2026-10-06 19:00:00,19,1.0,6.34,
BT Portillo,2026-10-06,2026-10-06 19:00:00,19,1.29,4.52,
HLC,2026-10-06,2026-10-06 19:00:00,19,3.12,4.64,
HLH,2026-10-06,2026-10-06 19:00:00,19,9.48,1.98,
La Rufina,2026-10-06,2026-10-06 19:00:00,19,9.48,1.34,
San Fernando,2026-10-06,2026-10-06 19:00:00,19,12.85,3.72,
Mi Casa,2026-10-06,2026-10-06 19:00:00,19,12.23,2.53,
Termas del Flaco,2026-10-06,2026-10-06 20:00:00,20,0.64,6.52,
BT Tinguiririca,2026-10-06,2026-10-06 20:00:00,20,0.8,3.54,
BT Portillo,2026-10-06,2026-10-06 20:00:00,20,1.5,3.62,
HLC,2026-10-06,2026-10-06 20:00:00,20,2.41,2.67,
HLH,2026-10-06,2026-10-06 20:00:00,20,8.63,2.0,
La Rufina,2026-10-06,2026-10-06 20:00:00,20,9.08,1.79,
San Fernando,2026-10-06,2026-10-06 20:00:00,20,12.07,3.92,
Mi Casa,2026-10-06,2026-10-06 20:00:00,20,12.06,2.47,
Termas del Flaco,2026-10-06,2026-10-06 21:00:00,21,0.11,8.33,
BT Tinguiririca,2026-10-06,2026-10-06 21:00:00,21,0.8,4.33,
BT Portillo,2026-10-06,2026-10-06 21:00:00,21,1.61,3.01,
HLC,2026-10-06,2026-10-06 21:00:00,21,2.26,4.94,
HLH,2026-10-06,2026-10-06 21:00:00,21,8.54,3.62,
La Rufina,2026-10-06,2026-10-06 21:00:00,21,9.22,3.7,
San Fernando,2026-10-06,2026-10-06 21:00:00,21,11.92,2.92,
Mi Casa,2026-10-06,2026-10-06 21:00:00,21,12.07,1.61,
Termas del Flaco,2026-10-06,2026-10-06 22:00:00,22,-0.13,5.69,
BT Tinguiririca,2026-10-06,2026-10-06 22:00:00,22,0.34,4.22,
BT Portillo,2026-10-06,2026-10-06 22:00:00,22,0.72,2.94,
HLC,2026-10-06,2026-10-06 22:00:00,22,1.42,5.34,
HLH,2026-10-06,2026-10-06 22:00:00,22,7.47,3.96,
La Rufina,2026-10-06,2026-10-06 22:00:00,22,8.06,4.72,
San Fernando,2026-10-06,2026-10-06 22:00:00,22,11.55,2.37,
Mi Casa,2026-10-06,2026-10-06 22:00:00,22,11.72,1.87,
Termas del Flaco,2026-10-06,2026-10-06 23:00:00,23,-0.3,3.96,
BT Tinguiririca,2026-10-06,2026-10-06 23:00:00,23,0.48,3.27,
BT Portillo,2026-10-06,2026-10-06 23:00:00,23,-0.31,1.89,
HLC,2026-10-06,2026-10-06 23:00:00,23,1.55,3.36,
HLH,2026-10-06,2026-10-06 23:00:00,23,7.35,3.08,
La Rufina,2026-10-06,2026-10-06 23:00:00,23,7.85,3.46,
San Fernando,2026-10-06,2026-10-06 23:00:00,23,11.14,2.29,
Mi Casa,2026-10-06,2026-10-06 23:00:00,23,11.26,1.63,
Termas del Flaco,2026-10-06,2026-10-07 00:00:00,24,-0.59,3.49,
BT Tinguiririca,2026-10-06,2026-10-07 00:00:00,24,0.34,3.25,
BT Portillo,2026-10-06,2026-10-07 00:00:00,24,0.4,1.81,
HLC,2026-10-06,2026-10-07 00:00:00,24,1.58,2.1,
HLH,2026-10-06,2026-10-07 00:00:00,24,7.2,3.23,
La Rufina,2026-10-06,2026-10-07 00:00:00,24,7.71,4.58,
San Fernando,2026-10-06,2026-10-07 00:00:00,24,10.93,1.42,
Mi Casa,2026-10-06,2026-10-07 00:00:00,24,11.21,1.2,
Termas del Flaco,2026-10-06,2026-10-07 01:00:00,25,-0.7,2.61,
BT Tinguiririca,2026-10-06,2026-10-07 01:00:00,25,0.33,3.23,
BT Portillo,2026-10-06,2026-10-07 01:00:00,25,0.47,1.29,
HLC,2026-10-06,2026-10-07 01:00:00,25,1.91,1.89,
HLH,2026-10-06,2026-10-07 01:00:00,25,7.18,2.16,
La Rufina,2026-10-06,2026-10-07 01:00:00,25,7.75,3.81,
San Fernando,2026-10-06,2026-10-07 01:00:00,25,10.6,1.87,
Mi Casa,2026-10-06,2026-10-07 01:00:00,25,10.7,1.31,
Termas del Flaco,2026-10-06,2026-10-07 02:00:00,26,-0.37,2.56,
BT Tinguiririca,2026-10-06,2026-10-07 02:00:00,26,0.22,3.0,
BT Portillo,2026-10-06,2026-10-07 02:00:00,26,0.73,1.83,
HLC,2026-10-06,2026-10-07 02:00:00,26,1.68,1.08,
HLH,2026-10-06,2026-10-07 02:00:00,26,7.17,2.58,
La Rufina,2026-10-06,2026-10-07 02:00:00,26,7.61,4.08,
San Fernando,2026-10-06,2026-10-07 02:00:00,26,10.94,1.03,
Mi Casa,2026-10-06,2026-10-07 02:00:00,26,10.93,0.93,
Termas del Flaco,2026-10-06,2026-10-07 03:00:00,27,-0.41,3.32,
BT Tinguiririca,2026-10-06,2026-10-07 03:00:00,27,0.22,3.63,
BT Portillo,2026-10-06,2026-10-07 03:00:00,27,-0.16,1.68,
HLC,2026-10-06,2026-10-07 03:00:00,27,1.62,2.36,
HLH,2026-10-06,2026-10-07 03:00:00,27,7.0,2.81,
La Rufina,2026-10-06,2026-10-07 03:00:00,27,7.36,2.61,
San Fernando,2026-10-06,2026-10-07 03:00:00,27,10.5,2.37,
Mi Casa,2026-10-06,2026-10-07 03:00:00,27,10.59,1.68,
Termas del Flaco,2026-10-06,2026-10-07 04:00:00,28,-0.53,2.88,
BT Tinguiririca,2026-10-06,2026-10-07 04:00:00,28,-0.22,3.37,
BT Portillo,2026-10-06,2026-10-07 04:00:00,28,-1.51,0.97,
HLC,2026-10-06,2026-10-07 04:00:00,28,1.09,2.24,
HLH,2026-10-06,2026-10-07 04:00:00,28,6.7,2.06,
La Rufina,2026-10-06,2026-10-07 04:00:00,28,6.95,2.19,
San Fernando,2026-10-06,2026-10-07 04:00:00,28,10.06,1.73,
Mi Casa,2026-10-06,2026-10-07 04:00:00,28,9.98,1.53,
Termas del Flaco,2026-10-06,2026-10-07 05:00:00,29,-0.79,1.54,
BT Tinguiririca,2026-10-06,2026-10-07 05:00:00,29,-0.03,0.89,
BT Portillo,2026-10-06,2026-10-07 05:00:00,29,-1.26,0.8,
HLC,2026-10-06,2026-10-07 05:00:00,29,1.3,0.95,
HLH,2026-10-06,2026-10-07 05:00:00,29,6.54,1.48,
La Rufina,2026-10-06,2026-10-07 05:00:00,29,6.73,2.18,
San Fernando,2026-10-06,2026-10-07 05:00:00,29,10.12,1.4,
Mi Casa,2026-10-06,2026-10-07 05:00:00,29,9.81,1.04,
Termas del Flaco,2026-10-06,2026-10-07 06:00:00,30,-0.52,1.25,
BT Tinguiririca,2026-10-06,2026-10-07 06:00:00,30,0.06,1.36,
BT Portillo,2026-10-06,2026-10-07 06:00:00,30,-0.26,1.58,
HLC,2026-10-06,2026-10-07 06:00:00,30,1.55,0.59,
HLH,2026-10-06,2026-10-07 06:00:00,30,6.96,1.37,
La Rufina,2026-10-06,2026-10-07 06:00:00,30,7.16,1.82,
San Fernando,2026-10-06,2026-10-07 06:00:00,30,10.31,0.55,
Mi Casa,2026-10-06,2026-10-07 06:00:00,30,9.69,0.22,
Termas del Flaco,2026-10-06,2026-10-07 07:00:00,31,0.55,3.26,
BT Tinguiririca,2026-10-06,2026-10-07 07:00:00,31,0.17,3.16,
BT Portillo,2026-10-06,2026-10-07 07:00:00,31,1.23,1.86,
HLC,2026-10-06,2026-10-07 07:00:00,31,1.96,1.07,
HLH,2026-10-06,2026-10-07 07:00:00,31,7.0,0.23,
La Rufina,2026-10-06,2026-10-07 07:00:00,31,7.5,0.16,
San Fernando,2026-10-06,2026-10-07 07:00:00,31,11.28,0.01,
Mi Casa,2026-10-06,2026-10-07 07:00:00,31,11.13,0.0,
Termas del Flaco,2026-10-06,2026-10-07 08:00:00,32,-0.49,1.94,
BT Tinguiririca,2026-10-06,2026-10-07 08:00:00,32,-0.51,1.1,
BT Portillo,2026-10-06,2026-10-07 08:00:00,32,-0.06,0.9,
HLC,2026-10-06,2026-10-07 08:00:00,32,1.31,1.02,
HLH,2026-10-06,2026-10-07 08:00:00,32,6.68,0.29,
La Rufina,2026-10-06,2026-10-07 08:00:00,32,7.12,0.44,
San Fernando,2026-10-06,2026-10-07 08:00:00,32,10.83,0.2,
Mi Casa,2026-10-06,2026-10-07 08:00:00,32,10.88,0.04,
Termas del Flaco,2026-10-06,2026-10-07 09:00:00,33,-1.25,1.23,
BT Tinguiririca,2026-10-06,2026-10-07 09:00:00,33,-1.61,1.09,
BT Portillo,2026-10-06,2026-10-07 09:00:00,33,-0.67,1.15,
HLC,2026-10-06,2026-10-07 09:00:00,33,0.73,1.03,
HLH,2026-10-06,2026-10-07 09:00:00,33,6.44,0.55,
La Rufina,2026-10-06,2026-10-07 09:00:00,33,6.61,0.55,
San Fernando,2026-10-06,2026-10-07 09:00:00,33,9.5,0.36,
Mi Casa,2026-10-06,2026-10-07 09:00:00,33,9.57,0.07,
Termas del Flaco,2026-10-06,2026-10-07 10:00:00,34,-0.52,1.27,
BT Tinguiririca,2026-10-06,2026-10-07 10:00:00,34,-1.46,1.83,
BT Portillo,2026-10-06,2026-10-07 10:00:00,34,-0.22,1.7,
HLC,2026-10-06,2026-10-07 10:00:00,34,0.56,1.58,
HLH,2026-10-06,2026-10-07 10:00:00,34,6.38,0.26,
La Rufina,2026-10-06,2026-10-07 10:00:00,34,6.51,0.17,
San Fernando,2026-10-06,2026-10-07 10:00:00,34,9.12,0.0,
Mi Casa,2026-10-06,2026-10-07 10:00:00,34,9.43,0.0,
Termas del Flaco,2026-10-06,2026-10-07 11:00:00,35,-2.0,0.25,
BT Tinguiririca,2026-10-06,2026-10-07 11:00:00,35,-2.89,0.08,
BT Portillo,2026-10-06,2026-10-07 11:00:00,35,-0.82,0.17,
HLC,2026-10-06,2026-10-07 11:00:00,35,0.94,0.04,
HLH,2026-10-06,2026-10-07 11:00:00,35,7.36,0.0,
La Rufina,2026-10-06,2026-10-07 11:00:00,35,7.8,0.0,
San Fernando,2026-10-06,2026-10-07 11:00:00,35,10.06,0.0,
Mi Casa,2026-10-06,2026-10-07 11:00:00,35,10.09,0.0,
Termas del Flaco,2026-10-06,2026-10-07 12:00:00,36,-1.61,0.02,
BT Tinguiririca,2026-10-06,2026-10-07 12:00:00,36,-0.97,0.0,
BT Portillo,2026-10-06,2026-10-07 12:00:00,36,-0.16,0.0,
HLC,2026-10-06,2026-10-07 12:00:00,36,1.78,0.0,
HLH,2026-10-06,2026-10-07 12:00:00,36,8.51,0.0,
La Rufina,2026-10-06,2026-10-07 12:00:00,36,9.11,0.0,
San Fernando,2026-10-06,2026-10-07 12:00:00,36,11.53,0.0,
Mi Casa,2026-10-06,2026-10-07 12:00:00,36,11.43,0.0,
Termas del Flaco,2026-10-06,2026-10-07 13:00:00,37,-0.37,0.0,
BT Tinguiririca,2026-10-06,2026-10-07 13:00:00,37,-0.2,0.0,
BT Portillo,2026-10-06,2026-10-07 13:00:00,37,-0.01,0.0,
HLC,2026-10-06,2026-10-07 13:00:00,37,3.7,0.0,
HLH,2026-10-06,2026-10-07 13:00:00,37,10.29,0.0,
La Rufina,2026-10-06,2026-10-07 13:00:00,37,11.4,0.0,
San Fernando,2026-10-06,2026-10-07 13:00:00,37,14.16,0.0,
Mi Casa,2026-10-06,2026-10-07 13:00:00,37,13.99,0.0,
Termas del Flaco,2026-10-06,2026-10-07 14:00:00,38,-0.12,0.0,
BT Tinguiririca,2026-10-06,2026-10-07 14:00:00,38,0.66,0.0,
BT Portillo,2026-10-06,2026-10-07 14:00:00,38,0.46,0.0,
HLC,2026-10-06,2026-10-07 14:00:00,38,4.54,0.0,
HLH,2026-10-06,2026-10-07 14:00:00,38,12.83,0.0,
La Rufina,2026-10-06,2026-10-07 14:00:00,38,12.65,0.0,
San Fernando,2026-10-06,2026-10-07 14:00:00,38,15.87,0.0,
Mi Casa,2026-10-06,2026-10-07 14:00:00,38,15.62,0.0,
Termas del Flaco,2026-10-06,2026-10-07 15:00:00,39,0.84,0.0,
BT Tinguiririca,2026-10-06,2026-10-07 15:00:00,39,1.46,0.0,
BT Portillo,2026-10-06,2026-10-07 15:00:00,39,0.77,0.01,
HLC,2026-10-06,2026-10-07 15:00:00,39,5.17,0.0,
HLH,2026-10-06,2026-10-07 15:00:00,39,13.78,0.0,
La Rufina,2026-10-06,2026-10-07 15:00:00,39,13.16,0.0,
San Fernando,2026-10-06,2026-10-07 15:00:00,39,16.21,0.0,
Mi Casa,2026-10-06,2026-10-07 15:00:00,39,15.69,0.0,
Termas del Flaco,2026-10-06,2026-10-07 16:00:00,40,1.37,0.82,
BT Tinguiririca,2026-10-06,2026-10-07 16:00:00,40,2.03,0.02,
BT Portillo,2026-10-06,2026-10-07 16:00:00,40,1.48,0.22,
HLC,2026-10-06,2026-10-07 16:00:00,40,5.47,0.01,
HLH,2026-10-06,2026-10-07 16:00:00,40,12.93,0.0,
La Rufina,2026-10-06,2026-10-07 16:00:00,40,11.72,0.0,
San Fernando,2026-10-06,2026-10-07 16:00:00,40,16.72,0.0,
Mi Casa,2026-10-06,2026-10-07 16:00:00,40,16.51,0.0,
Termas del Flaco,2026-10-06,2026-10-07 17:00:00,41,1.57,0.45,
BT Tinguiririca,2026-10-06,2026-10-07 17:00:00,41,1.99,0.01,
BT Portillo,2026-10-06,2026-10-07 17:00:00,41,1.27,0.29,
HLC,2026-10-06,2026-10-07 17:00:00,41,5.98,0.0,
HLH,2026-10-06,2026-10-07 17:00:00,41,10.76,0.44,
La Rufina,2026-10-06,2026-10-07 17:00:00,41,10.45,2.93,
San Fernando,2026-10-06,2026-10-07 17:00:00,41,17.17,0.0,
Mi Casa,2026-10-06,2026-10-07 17:00:00,41,15.33,0.02,
Termas del Flaco,2026-10-06,2026-10-07 18:00:00,42,1.44,0.08,
BT Tinguiririca,2026-10-06,2026-10-07 18:00:00,42,2.44,0.0,
BT Portillo,2026-10-06,2026-10-07 18:00:00,42,1.3,0.11,
HLC,2026-10-06,2026-10-07 18:00:00,42,5.02,0.47,
HLH,2026-10-06,2026-10-07 18:00:00,42,10.63,3.29,
La Rufina,2026-10-06,2026-10-07 18:00:00,42,11.17,0.46,
San Fernando,2026-10-06,2026-10-07 18:00:00,42,16.55,0.01,
Mi Casa,2026-10-06,2026-10-07 18:00:00,42,16.48,0.0,
Termas del Flaco,2026-10-06,2026-10-07 19:00:00,43,0.24,1.36,
BT Tinguiririca,2026-10-06,2026-10-07 19:00:00,43,1.34,1.47,
BT Portillo,2026-10-06,2026-10-07 19:00:00,43,0.38,1.89,
HLC,2026-10-06,2026-10-07 19:00:00,43,4.88,3.26,
HLH,2026-10-06,2026-10-07 19:00:00,43,10.96,1.04,
La Rufina,2026-10-06,2026-10-07 19:00:00,43,11.62,0.1,
San Fernando,2026-10-06,2026-10-07 19:00:00,43,16.47,0.01,
Mi Casa,2026-10-06,2026-10-07 19:00:00,43,16.27,0.0,
Termas del Flaco,2026-10-06,2026-10-07 20:00:00,44,0.56,3.01,
BT Tinguiririca,2026-10-06,2026-10-07 20:00:00,44,1.39,4.47,
BT Portillo,2026-10-06,2026-10-07 20:00:00,44,1.66,1.34,
HLC,2026-10-06,2026-10-07 20:00:00,44,4.87,4.33,
HLH,2026-10-06,2026-10-07 20:00:00,44,11.18,1.43,
La Rufina,2026-10-06,2026-10-07 20:00:00,44,11.13,2.14,
San Fernando,2026-10-06,2026-10-07 20:00:00,44,15.94,0.0,
Mi Casa,2026-10-06,2026-10-07 20:00:00,44,15.82,0.0,
Termas del Flaco,2026-10-06,2026-10-07 21:00:00,45,1.42,0.65,
BT Tinguiririca,2026-10-06,2026-10-07 21:00:00,45,2.35,2.85,
BT Portillo,2026-10-06,2026-10-07 21:00:00,45,1.21,1.25,
HLC,2026-10-06,2026-10-07 21:00:00,45,5.56,1.46,
HLH,2026-10-06,2026-10-07 21:00:00,45,10.16,0.87,
La Rufina,2026-10-06,2026-10-07 21:00:00,45,10.66,0.22,
San Fernando,2026-10-06,2026-10-07 21:00:00,45,14.96,0.0,
Mi Casa,2026-10-06,2026-10-07 21:00:00,45,14.97,0.0,
Termas del Flaco,2026-10-06,2026-10-07 22:00:00,46,0.75,0.86,
BT Tinguiririca,2026-10-06,2026-10-07 22:00:00,46,1.99,0.16,
BT Portillo,2026-10-06,2026-10-07 22:00:00,46,-2.12,0.78,
HLC,2026-10-06,2026-10-07 22:00:00,46,4.96,0.71,
HLH,2026-10-06,2026-10-07 22:00:00,46,9.66,1.66,
La Rufina,2026-10-06,2026-10-07 22:00:00,46,9.61,0.35,
San Fernando,2026-10-06,2026-10-07 22:00:00,46,13.59,0.0,
Mi Casa,2026-10-06,2026-10-07 22:00:00,46,13.36,0.0,
Termas del Flaco,2026-10-06,2026-10-07 23:00:00,47,0.57,0.46,
BT Tinguiririca,2026-10-06,2026-10-07 23:00:00,47,1.16,0.41,
BT Portillo,2026-10-06,2026-10-07 23:00:00,47,-3.68,0.05,
HLC,2026-10-06,2026-10-07 23:00:00,47,3.58,0.79,
HLH,2026-10-06,2026-10-07 23:00:00,47,8.85,0.41,
La Rufina,2026-10-06,2026-10-07 23:00:00,47,8.94,0.02,
San Fernando,2026-10-06,2026-10-07 23:00:00,47,11.81,0.0,
Mi Casa,2026-10-06,2026-10-07 23:00:00,47,11.48,0.0,
Termas del Flaco,2026-10-06,2026-10-08 00:00:00,48,-1.07,0.0,
BT Tinguiririca,2026-10-06,2026-10-08 00:00:00,48,-0.04,0.08,
BT Portillo,2026-10-06,2026-10-08 00:00:00,48,-0.59,0.07,
HLC,2026-10-06,2026-10-08 00:00:00,48,2.59,0.14,
HLH,2026-10-06,2026-10-08 00:00:00,48,8.53,0.3,
La Rufina,2026-10-06,2026-10-08 00:00:00,48,8.88,0.01,
San Fernando,2026-10-06,2026-10-08 00:00:00,48,10.79,0.0,
Mi Casa,2026-10-06,2026-10-08 00:00:00,48,10.74,0.0,
Termas del Flaco,2026-10-06,2026-10-08 01:00:00,49,-2.54,0.02,
BT Tinguiririca,2026-10-06,2026-10-08 01:00:00,49,-3.33,0.03,
BT Portillo,2026-10-06,2026-10-08 01:00:00,49,-0.35,0.01,
HLC,2026-10-06,2026-10-08 01:00:00,49,2.22,0.0,
HLH,2026-10-06,2026-10-08 01:00:00,49,8.37,0.03,
La Rufina,2026-10-06,2026-10-08 01:00:00,49,7.97,0.0,
San Fernando,2026-10-06,2026-10-08 01:00:00,49,11.72,0.0,
Mi Casa,2026-10-06,2026-10-08 01:00:00,49,10.33,0.0,
Termas del Flaco,2026-10-06,2026-10-08 02:00:00,50,-0.6,0.0,
BT Tinguiririca,2026-10-06,2026-10-08 02:00:00,50,-2.66,0.0,
BT Portillo,2026-10-06,2026-10-08 02:00:00,50,0.47,0.01,
HLC,2026-10-06,2026-10-08 02:00:00,50,2.32,0.0,
HLH,2026-10-06,2026-10-08 02:00:00,50,6.99,0.0,
La Rufina,2026-10-06,2026-10-08 02:00:00,50,7.14,0.0,
San Fernando,2026-10-06,2026-10-08 02:00:00,50,11.38,0.0,
Mi Casa,2026-10-06,2026-10-08 02:00:00,50,9.76,0.0,
Termas del Flaco,2026-10-06,2026-10-08 03:00:00,51,-1.04,0.03,
BT Tinguiririca,2026-10-06,2026-10-08 03:00:00,51,0.47,0.0,
BT Portillo,2026-10-06,2026-10-08 03:00:00,51,0.06,0.08,
HLC,2026-10-06,2026-10-08 03:00:00,51,2.18,0.01,
HLH,2026-10-06,2026-10-08 03:00:00,51,7.44,0.0,
La Rufina,2026-10-06,2026-10-08 03:00:00,51,7.45,0.0,
San Fernando,2026-10-06,2026-10-08 03:00:00,51,11.06,0.0,
Mi Casa,2026-10-06,2026-10-08 03:00:00,51,9.65,0.0,
Termas del Flaco,2026-10-06,2026-10-08 04:00:00,52,-2.21,0.0,
BT Tinguiririca,2026-10-06,2026-10-08 04:00:00,52,-1.4,0.0,
BT Portillo,2026-10-06,2026-10-08 04:00:00,52,-0.04,0.0,
HLC,2026-10-06,2026-10-08 04:00:00,52,2.2,0.0,
HLH,2026-10-06,2026-10-08 04:00:00,52,7.9,0.0,
La Rufina,2026-10-06,2026-10-08 04:00:00,52,7.19,0.0,
San Fernando,2026-10-06,2026-10-08 04:00:00,52,9.72,0.0,
Mi Casa,2026-10-06,2026-10-08 04:00:00,52,9.61,0.0,
Termas del Flaco,2026-10-06,2026-10-08 05:00:00,53,-0.45,0.0,
BT Tinguiririca,2026-10-06,2026-10-08 05:00:00,53,-2.43,0.0,
BT Portillo,2026-10-06,2026-10-08 05:00:00,53,0.58,0.01,
HLC,2026-10-06,2026-10-08 05:00:00,53,2.41,0.0,
HLH,2026-10-06,2026-10-08 05:00:00,53,7.37,0.0,
La Rufina,2026-10-06,2026-10-08 05:00:00,53,8.68,0.07,
San Fernando,2026-10-06,2026-10-08 05:00:00,53,10.31,0.0,
Mi Casa,2026-10-06,2026-10-08 05:00:00,53,9.65,0.0,
Termas del Flaco,2026-10-06,2026-10-08 06:00:00,54,-0.8,0.0,
BT Tinguiririca,2026-10-06,2026-10-08 06:00:00,54,-2.11,0.0,
BT Portillo,2026-10-06,2026-10-08 06:00:00,54,0.97,0.0,
HLC,2026-10-06,2026-10-08 06:00:00,54,2.47,0.0,
HLH,2026-10-06,2026-10-08 06:00:00,54,7.52,0.0,
La Rufina,2026-10-06,2026-10-08 06:00:00,54,7.25,0.03,
San Fernando,2026-10-06,2026-10-08 06:00:00,54,10.3,0.0,
Mi Casa,2026-10-06,2026-10-08 06:00:00,54,9.81,0.0,
Termas del Flaco,2026-10-06,2026-10-08 07:00:00,55,0.94,0.0,
BT Tinguiririca,2026-10-06,2026-10-08 07:00:00,55,-1.47,0.0,
BT Portillo,2026-10-06,2026-10-08 07:00:00,55,1.46,0.0,
HLC,2026-10-06,2026-10-08 07:00:00,55,2.47,0.0,
HLH,2026-10-06,2026-10-08 07:00:00,55,8.02,0.0,
La Rufina,2026-10-06,2026-10-08 07:00:00,55,8.31,0.0,
San Fernando,2026-10-06,2026-10-08 07:00:00,55,10.36,0.0,
Mi Casa,2026-10-06,2026-10-08 07:00:00,55,9.37,0.0,
Termas del Flaco,2026-10-06,2026-10-08 08:00:00,56,0.85,0.0,
BT Tinguiririca,2026-10-06,2026-10-08 08:00:00,56,-1.9,0.0,
BT Portillo,2026-10-06,2026-10-08 08:00:00,56,0.96,0.01,
HLC,2026-10-06,2026-10-08 08:00:00,56,2.28,0.0,
HLH,2026-10-06,2026-10-08 08:00:00,56,8.06,0.07,
La Rufina,2026-10-06,2026-10-08 08:00:00,56,8.12,0.06,
San Fernando,2026-10-06,2026-10-08 08:00:00,56,10.01,0.0,
Mi Casa,2026-10-06,2026-10-08 08:00:00,56,9.61,0.0,
Termas del Flaco,2026-10-06,2026-10-08 09:00:00,57,0.74,0.0,
BT Tinguiririca,2026-10-06,2026-10-08 09:00:00,57,-2.61,0.0,
BT Portillo,2026-10-06,2026-10-08 09:00:00,57,0.59,0.0,
HLC,2026-10-06,2026-10-08 09:00:00,57,2.32,0.0,
HLH,2026-10-06,2026-10-08 09:00:00,57,6.41,0.0,
La Rufina,2026-10-06,2026-10-08 09:00:00,57,7.25,0.02,
San Fernando,2026-10-06,2026-10-08 09:00:00,57,9.63,0.01,
Mi Casa,2026-10-06,2026-10-08 09:00:00,57,9.26,0.06,
Termas del Flaco,2026-10-06,2026-10-08 10:00:00,58,0.55,0.0,
BT Tinguiririca,2026-10-06,2026-10-08 10:00:00,58,-2.78,0.0,
BT Portillo,2026-10-06,2026-10-08 10:00:00,58,0.31,0.0,
HLC,2026-10-06,2026-10-08 10:00:00,58,2.87,0.0,
HLH,2026-10-06,2026-10-08 10:00:00,58,6.28,0.0,
La Rufina,2026-10-06,2026-10-08 10:00:00,58,6.38,0.0,
San Fernando,2026-10-06,2026-10-08 10:00:00,58,9.53,0.0,
Mi Casa,2026-10-06,2026-10-08 10:00:00,58,9.4,0.08,
Termas del Flaco,2026-10-06,2026-10-08 11:00:00,59,0.82,0.0,
BT Tinguiririca,2026-10-06,2026-10-08 11:00:00,59,-1.85,0.0,
BT Portillo,2026-10-06,2026-10-08 11:00:00,59,0.24,0.01,
HLC,2026-10-06,2026-10-08 11:00:00,59,3.74,0.0,
HLH,2026-10-06,2026-10-08 11:00:00,59,7.35,0.0,
La Rufina,2026-10-06,2026-10-08 11:00:00,59,7.77,0.0,
San Fernando,2026-10-06,2026-10-08 11:00:00,59,9.57,0.0,
Mi Casa,2026-10-06,2026-10-08 11:00:00,59,9.56,0.0,
Termas del Flaco,2026-10-06,2026-10-08 12:00:00,60,0.84,0.0,
BT Tinguiririca,2026-10-06,2026-10-08 12:00:00,60,-0.55,0.0,
BT Portillo,2026-10-06,2026-10-08 12:00:00,60,0.85,0.01,
HLC,2026-10-06,2026-10-08 12:00:00,60,5.28,0.0,
HLH,2026-10-06,2026-10-08 12:00:00,60,8.51,0.0,
La Rufina,2026-10-06,2026-10-08 12:00:00,60,8.57,0.0,
San Fernando,2026-10-06,2026-10-08 12:00:00,60,10.17,0.0,
Mi Casa,2026-10-06,2026-10-08 12:00:00,60,10.06,0.0,
Termas del Flaco,2026-10-06,2026-10-08 13:00:00,61,1.74,0.0,
BT Tinguiririca,2026-10-06,2026-10-08 13:00:00,61,1.06,0.0,
BT Portillo,2026-10-06,2026-10-08 13:00:00,61,1.71,0.03,
HLC,2026-10-06,2026-10-08 13:00:00,61,6.87,0.0,
HLH,2026-10-06,2026-10-08 13:00:00,61,10.0,0.0,
La Rufina,2026-10-06,2026-10-08 13:00:00,61,9.8,0.0,
San Fernando,2026-10-06,2026-10-08 13:00:00,61,11.2,0.01,
Mi Casa,2026-10-06,2026-10-08 13:00:00,61,10.68,0.0,
Termas del Flaco,2026-10-06,2026-10-08 14:00:00,62,2.03,0.0,
BT Tinguiririca,2026-10-06,2026-10-08 14:00:00,62,1.85,0.0,
BT Portillo,2026-10-06,2026-10-08 14:00:00,62,2.15,0.04,
HLC,2026-10-06,2026-10-08 14:00:00,62,8.38,0.0,
HLH,2026-10-06,2026-10-08 14:00:00,62,11.13,0.0,
La Rufina,2026-10-06,2026-10-08 14:00:00,62,10.93,0.0,
San Fernando,2026-10-06,2026-10-08 14:00:00,62,12.1,0.24,
Mi Casa,2026-10-06,2026-10-08 14:00:00,62,11.49,0.28,
Termas del Flaco,2026-10-06,2026-10-08 15:00:00,63,2.05,0.0,
BT Tinguiririca,2026-10-06,2026-10-08 15:00:00,63,2.92,0.0,
BT Portillo,2026-10-06,2026-10-08 15:00:00,63,2.46,0.03,
HLC,2026-10-06,2026-10-08 15:00:00,63,8.97,0.0,
HLH,2026-10-06,2026-10-08 15:00:00,63,11.65,0.0,
La Rufina,2026-10-06,2026-10-08 15:00:00,63,11.32,0.0,
San Fernando,2026-10-06,2026-10-08 15:00:00,63,13.39,0.0,
Mi Casa,2026-10-06,2026-10-08 15:00:00,63,12.91,0.04,
Termas del Flaco,2026-10-06,2026-10-08 16:00:00,64,1.79,0.02,
BT Tinguiririca,2026-10-06,2026-10-08 16:00:00,64,3.35,0.0,
BT Portillo,2026-10-06,2026-10-08 16:00:00,64,2.63,0.02,
HLC,2026-10-06,2026-10-08 16:00:00,64,9.0,0.0,
HLH,2026-10-06,2026-10-08 16:00:00,64,12.0,0.0,
La Rufina,2026-10-06,2026-10-08 16:00:00,64,11.86,0.0,
San Fernando,2026-10-06,2026-10-08 16:00:00,64,14.48,0.0,
Mi Casa,2026-10-06,2026-10-08 16:00:00,64,13.97,0.0,
Termas del Flaco,2026-10-06,2026-10-08 17:00:00,65,1.59,0.41,
BT Tinguiririca,2026-10-06,2026-10-08 17:00:00,65,3.35,0.02,
BT Portillo,2026-10-06,2026-10-08 17:00:00,65,2.46,0.04,
HLC,2026-10-06,2026-10-08 17:00:00,65,8.56,0.11,
HLH,2026-10-06,2026-10-08 17:00:00,65,11.1,0.0,
La Rufina,2026-10-06,2026-10-08 17:00:00,65,11.36,0.03,
San Fernando,2026-10-06,2026-10-08 17:00:00,65,14.49,0.0,
Mi Casa,2026-10-06,2026-10-08 17:00:00,65,14.11,0.0,
Termas del Flaco,2026-10-06,2026-10-08 18:00:00,66,1.59,0.25,
BT Tinguiririca,2026-10-06,2026-10-08 18:00:00,66,3.64,0.25,
BT Portillo,2026-10-06,2026-10-08 18:00:00,66,2.31,0.35,
HLC,2026-10-06,2026-10-08 18:00:00,66,7.79,0.36,
HLH,2026-10-06,2026-10-08 18:00:00,66,11.06,0.17,
La Rufina,2026-10-06,2026-10-08 18:00:00,66,11.98,0.0,
San Fernando,2026-10-06,2026-10-08 18:00:00,66,14.55,0.01,
Mi Casa,2026-10-06,2026-10-08 18:00:00,66,13.78,0.09,
Termas del Flaco,2026-10-06,2026-10-08 19:00:00,67,1.33,0.08,
BT Tinguiririca,2026-10-06,2026-10-08 19:00:00,67,3.5,0.19,
BT Portillo,2026-10-06,2026-10-08 19:00:00,67,2.18,0.04,
HLC,2026-10-06,2026-10-08 19:00:00,67,7.69,0.15,
HLH,2026-10-06,2026-10-08 19:00:00,67,12.05,0.11,
La Rufina,2026-10-06,2026-10-08 19:00:00,67,12.21,0.0,
San Fernando,2026-10-06,2026-10-08 19:00:00,67,16.72,0.0,
Mi Casa,2026-10-06,2026-10-08 19:00:00,67,15.66,0.03,
Termas del Flaco,2026-10-06,2026-10-08 20:00:00,68,1.39,0.07,
BT Tinguiririca,2026-10-06,2026-10-08 20:00:00,68,2.99,0.14,
BT Portillo,2026-10-06,2026-10-08 20:00:00,68,1.51,0.71,
HLC,2026-10-06,2026-10-08 20:00:00,68,7.08,0.17,
HLH,2026-10-06,2026-10-08 20:00:00,68,12.15,0.0,
La Rufina,2026-10-06,2026-10-08 20:00:00,68,12.17,0.0,
San Fernando,2026-10-06,2026-10-08 20:00:00,68,16.65,0.0,
Mi Casa,2026-10-06,2026-10-08 20:00:00,68,14.92,0.13,
Termas del Flaco,2026-10-06,2026-10-08 21:00:00,69,1.13,0.06,
BT Tinguiririca,2026-10-06,2026-10-08 21:00:00,69,2.35,0.12,
BT Portillo,2026-10-06,2026-10-08 21:00:00,69,0.27,0.17,
HLC,2026-10-06,2026-10-08 21:00:00,69,6.11,0.1,
HLH,2026-10-06,2026-10-08 21:00:00,69,12.07,0.0,
La Rufina,2026-10-06,2026-10-08 21:00:00,69,12.33,0.0,
San Fernando,2026-10-06,2026-10-08 21:00:00,69,15.14,0.32,
Mi Casa,2026-10-06,2026-10-08 21:00:00,69,15.1,0.06,
Termas del Flaco,2026-10-06,2026-10-08 22:00:00,70,-0.93,0.03,
BT Tinguiririca,2026-10-06,2026-10-08 22:00:00,70,-0.95,0.0,
BT Portillo,2026-10-06,2026-10-08 22:00:00,70,-1.51,0.0,
HLC,2026-10-06,2026-10-08 22:00:00,70,5.27,0.0,
HLH,2026-10-06,2026-10-08 22:00:00,70,10.47,0.15,
La Rufina,2026-10-06,2026-10-08 22:00:00,70,10.94,0.0,
San Fernando,2026-10-06,2026-10-08 22:00:00,70,14.95,0.0,
Mi Casa,2026-10-06,2026-10-08 22:00:00,70,14.46,0.08,
Termas del Flaco,2026-10-06,2026-10-08 23:00:00,71,-1.67,0.0,
BT Tinguiririca,2026-10-06,2026-10-08 23:00:00,71,-2.63,0.0,
BT Portillo,2026-10-06,2026-10-08 23:00:00,71,-2.21,0.0,
HLC,2026-10-06,2026-10-08 23:00:00,71,2.83,0.0,
HLH,2026-10-06,2026-10-08 23:00:00,71,9.68,0.31,
La Rufina,2026-10-06,2026-10-08 23:00:00,71,8.88,0.0,
San Fernando,2026-10-06,2026-10-08 23:00:00,71,13.06,0.05,
Mi Casa,2026-10-06,2026-10-08 23:00:00,71,12.93,0.01,
Termas del Flaco,2026-10-06,2026-10-09 00:00:00,72,-2.23,0.0,
BT Tinguiririca,2026-10-06,2026-10-09 00:00:00,72,-4.23,0.0,
BT Portillo,2026-10-06,2026-10-09 00:00:00,72,-3.0,0.0,
HLC,2026-10-06,2026-10-09 00:00:00,72,1.98,0.0,
HLH,2026-10-06,2026-10-09 00:00:00,72,8.11,0.0,
La Rufina,2026-10-06,2026-10-09 00:00:00,72,9.28,0.26,
San Fernando,2026-10-06,2026-10-09 00:00:00,72,11.03,0.0,
Mi Casa,2026-10-06,2026-10-09 00:00:00,72,10.83,0.0,
Termas del Flaco,,2026-10-05 22:00:00,1,-0.19,2.08,2026-10-06
BT Tinguiririca,,2026-10-05 22:00:00,1,0.27,2.56,2026-10-06
BT Portillo,,2026-10-05 22:00:00,1,1.41,2.05,2026-10-06
HLC,,2026-10-05 22:00:00,1,1.65,1.95,2026-10-06
HLH,,2026-10-05 22:00:00,1,6.32,1.24,2026-10-06
La Rufina,,2026-10-05 22:00:00,1,7.11,1.5,2026-10-06
San Fernando,,2026-10-05 22:00:00,1,10.43,1.51,2026-10-06
Mi Casa,,2026-10-05 22:00:00,1,10.21,0.42,2026-10-06
Termas del Flaco,,2026-10-05 23:00:00,2,-0.34,1.62,2026-10-06
BT Tinguiririca,,2026-10-05 23:00:00,2,0.53,1.89,2026-10-06
BT Portillo,,2026-10-05 23:00:00,2,1.39,1.13,2026-10-06
HLC,,2026-10-05 23:00:00,2,2.04,1.13,2026-10-06
HLH,,2026-10-05 23:00:00,2,6.69,0.22,2026-10-06
La Rufina,,2026-10-05 23:00:00,2,7.41,0.45,2026-10-06
San Fernando,,2026-10-05 23:00:00,2,10.36,1.51,2026-10-06
Mi Casa,,2026-10-05 23:00:00,2,10.13,0.43,2026-10-06
Termas del Flaco,,2026-10-06 00:00:00,3,-0.04,1.97,2026-10-06
BT Tinguiririca,,2026-10-06 00:00:00,3,0.61,1.94,2026-10-06
BT Portillo,,2026-10-06 00:00:00,3,1.06,1.42,2026-10-06
HLC,,2026-10-06 00:00:00,3,1.94,1.17,2026-10-06
HLH,,2026-10-06 00:00:00,3,6.81,0.47,2026-10-06
La Rufina,,2026-10-06 00:00:00,3,7.51,0.7,2026-10-06
San Fernando,,2026-10-06 00:00:00,3,10.45,1.44,2026-10-06
Mi Casa,,2026-10-06 00:00:00,3,10.09,0.51,2026-10-06
Termas del Flaco,,2026-10-06 01:00:00,4,0.44,2.38,2026-10-06
BT Tinguiririca,,2026-10-06 01:00:00,4,1.15,2.29,2026-10-06
BT Portillo,,2026-10-06 01:00:00,4,2.41,1.55,2026-10-06
HLC,,2026-10-06 01:00:00,4,2.53,0.71,2026-10-06
HLH,,2026-10-06 01:00:00,4,7.32,0.12,2026-10-06
La Rufina,,2026-10-06 01:00:00,4,7.99,0.28,2026-10-06
San Fernando,,2026-10-06 01:00:00,4,10.68,2.13,2026-10-06
Mi Casa,,2026-10-06 01:00:00,4,10.37,0.93,2026-10-06
Termas del Flaco,,2026-10-06 02:00:00,5,0.42,6.13,2026-10-06
BT Tinguiririca,,2026-10-06 02:00:00,5,1.4,3.03,2026-10-06
BT Portillo,,2026-10-06 02:00:00,5,3.02,3.42,2026-10-06
HLC,,2026-10-06 02:00:00,5,2.77,2.63,2026-10-06
HLH,,2026-10-06 02:00:00,5,7.51,0.9,2026-10-06
La Rufina,,2026-10-06 02:00:00,5,8.28,0.99,2026-10-06
San Fernando,,2026-10-06 02:00:00,5,11.04,2.72,2026-10-06
Mi Casa,,2026-10-06 02:00:00,5,10.89,1.22,2026-10-06
Termas del Flaco,,2026-10-06 03:00:00,6,0.64,7.18,2026-10-06
BT Tinguiririca,,2026-10-06 03:00:00,6,1.5,4.34,2026-10-06
BT Portillo,,2026-10-06 03:00:00,6,3.48,6.67,2026-10-06
HLC,,2026-10-06 03:00:00,6,2.76,5.25,2026-10-06
HLH,,2026-10-06 03:00:00,6,7.85,1.59,2026-10-06
La Rufina,,2026-10-06 03:00:00,6,8.82,0.93,2026-10-06
San Fernando,,2026-10-06 03:00:00,6,11.37,3.73,2026-10-06
Mi Casa,,2026-10-06 03:00:00,6,11.32,1.29,2026-10-06
Termas del Flaco,,2026-10-06 04:00:00,7,0.97,7.25,2026-10-06
BT Tinguiririca,,2026-10-06 04:00:00,7,1.43,5.53,2026-10-06
BT Portillo,,2026-10-06 04:00:00,7,3.03,7.68,2026-10-06
HLC,,2026-10-06 04:00:00,7,3.06,6.56,2026-10-06
HLH,,2026-10-06 04:00:00,7,9.16,2.69,2026-10-06
La Rufina,,2026-10-06 04:00:00,7,9.83,1.64,2026-10-06
San Fernando,,2026-10-06 04:00:00,7,11.59,5.85,2026-10-06
Mi Casa,,2026-10-06 04:00:00,7,11.57,2.9,2026-10-06
Termas del Flaco,,2026-10-06 05:00:00,8,1.06,8.3,2026-10-06
BT Tinguiririca,,2026-10-06 05:00:00,8,1.03,8.88,2026-10-06
BT Portillo,,2026-10-06 05:00:00,8,2.39,8.08,2026-10-06
HLC,,2026-10-06 05:00:00,8,2.9,8.89,2026-10-06
HLH,,2026-10-06 05:00:00,8,9.25,3.76,2026-10-06
La Rufina,,2026-10-06 05:00:00,8,9.87,2.01,2026-10-06
San Fernando,,2026-10-06 05:00:00,8,11.91,4.54,2026-10-06
Mi Casa,,2026-10-06 05:00:00,8,12.09,2.48,2026-10-06
Termas del Flaco,,2026-10-06 06:00:00,9,0.95,7.7,2026-10-06
BT Tinguiririca,,2026-10-06 06:00:00,9,1.03,9.34,2026-10-06
BT Portillo,,2026-10-06 06:00:00,9,2.06,7.58,2026-10-06
HLC,,2026-10-06 06:00:00,9,2.69,8.65,2026-10-06
HLH,,2026-10-06 06:00:00,9,9.15,2.9,2026-10-06
La Rufina,,2026-10-06 06:00:00,9,9.58,1.46,2026-10-06
San Fernando,,2026-10-06 06:00:00,9,11.43,3.84,2026-10-06
Mi Casa,,2026-10-06 06:00:00,9,11.38,2.06,2026-10-06
Termas del Flaco,,2026-10-06 07:00:00,10,0.83,6.63,2026-10-06
BT Tinguiririca,,2026-10-06 07:00:00,10,1.06,8.86,2026-10-06
BT Portillo,,2026-10-06 07:00:00,10,1.74,9.02,2026-10-06
HLC,,2026-10-06 07:00:00,10,2.29,10.06,2026-10-06
HLH,,2026-10-06 07:00:00,10,8.12,7.38,2026-10-06
La Rufina,,2026-10-06 07:00:00,10,9.28,6.06,2026-10-06
San Fernando,,2026-10-06 07:00:00,10,11.27,6.89,2026-10-06
Mi Casa,,2026-10-06 07:00:00,10,11.2,4.22,2026-10-06
Termas del Flaco,,2026-10-06 08:00:00,11,0.58,8.32,2026-10-06
BT Tinguiririca,,2026-10-06 08:00:00,11,0.76,8.65,2026-10-06
BT Portillo,,2026-10-06 08:00:00,11,1.81,8.1,2026-10-06
HLC,,2026-10-06 08:00:00,11,1.94,9.81,2026-10-06
HLH,,2026-10-06 08:00:00,11,8.48,14.11,2026-10-06
La Rufina,,2026-10-06 08:00:00,11,9.17,15.45,2026-10-06
San Fernando,,2026-10-06 08:00:00,11,11.42,6.25,2026-10-06
Mi Casa,,2026-10-06 08:00:00,11,11.35,4.24,2026-10-06
Termas del Flaco,,2026-10-06 09:00:00,12,-0.18,8.35,2026-10-06
BT Tinguiririca,,2026-10-06 09:00:00,12,0.37,6.33,2026-10-06
BT Portillo,,2026-10-06 09:00:00,12,1.19,4.46,2026-10-06
HLC,,2026-10-06 09:00:00,12,1.45,6.09,2026-10-06
HLH,,2026-10-06 09:00:00,12,7.97,6.84,2026-10-06
La Rufina,,2026-10-06 09:00:00,12,8.58,7.84,2026-10-06
San Fernando,,2026-10-06 09:00:00,12,11.34,4.52,2026-10-06
Mi Casa,,2026-10-06 09:00:00,12,11.27,4.59,2026-10-06
Termas del Flaco,,2026-10-06 10:00:00,13,0.16,4.7,2026-10-06
BT Tinguiririca,,2026-10-06 10:00:00,13,0.54,3.59,2026-10-06
BT Portillo,,2026-10-06 10:00:00,13,1.37,3.2,2026-10-06
HLC,,2026-10-06 10:00:00,13,1.83,4.04,2026-10-06
HLH,,2026-10-06 10:00:00,13,7.73,3.4,2026-10-06
La Rufina,,2026-10-06 10:00:00,13,8.78,3.32,2026-10-06
San Fernando,,2026-10-06 10:00:00,13,11.44,3.45,2026-10-06
Mi Casa,,2026-10-06 10:00:00,13,11.29,4.48,2026-10-06
Termas del Flaco,,2026-10-06 11:00:00,14,0.5,4.25,2026-10-06
BT Tinguiririca,,2026-10-06 11:00:00,14,0.63,3.87,2026-10-06
BT Portillo,,2026-10-06 11:00:00,14,1.77,3.32,2026-10-06
HLC,,2026-10-06 11:00:00,14,2.39,3.86,2026-10-06
HLH,,2026-10-06 11:00:00,14,8.36,3.38,2026-10-06
La Rufina,,2026-10-06 11:00:00,14,8.5,3.31,2026-10-06
San Fernando,,2026-10-06 11:00:00,14,12.22,2.46,2026-10-06
Mi Casa,,2026-10-06 11:00:00,14,11.89,2.02,2026-10-06
Termas del Flaco,,2026-10-06 12:00:00,15,0.81,5.72,2026-10-06
BT Tinguiririca,,2026-10-06 12:00:00,15,1.0,4.44,2026-10-06
BT Portillo,,2026-10-06 12:00:00,15,1.67,3.99,2026-10-06
HLC,,2026-10-06 12:00:00,15,2.15,3.09,2026-10-06
HLH,,2026-10-06 12:00:00,15,8.65,2.49,2026-10-06
La Rufina,,2026-10-06 12:00:00,15,9.46,2.15,2026-10-06
San Fernando,,2026-10-06 12:00:00,15,12.84,2.98,2026-10-06
Mi Casa,,2026-10-06 12:00:00,15,12.63,1.51,2026-10-06
Termas del Flaco,,2026-10-06 13:00:00,16,0.4,6.53,2026-10-06
BT Tinguiririca,,2026-10-06 13:00:00,16,1.04,3.02,2026-10-06
BT Portillo,,2026-10-06 13:00:00,16,1.44,3.51,2026-10-06
HLC,,2026-10-06 13:00:00,16,2.75,2.05,2026-10-06
HLH,,2026-10-06 13:00:00,16,8.41,2.14,2026-10-06
La Rufina,,2026-10-06 13:00:00,16,9.93,2.39,2026-10-06
San Fernando,,2026-10-06 13:00:00,16,12.92,5.35,2026-10-06
Mi Casa,,2026-10-06 13:00:00,16,12.79,3.53,2026-10-06
Termas del Flaco,,2026-10-06 14:00:00,17,0.51,7.86,2026-10-06
BT Tinguiririca,,2026-10-06 14:00:00,17,1.32,5.34,2026-10-06
BT Portillo,,2026-10-06 14:00:00,17,1.07,3.93,2026-10-06
HLC,,2026-10-06 14:00:00,17,2.75,4.15,2026-10-06
HLH,,2026-10-06 14:00:00,17,8.62,2.91,2026-10-06
La Rufina,,2026-10-06 14:00:00,17,9.83,2.36,2026-10-06
San Fernando,,2026-10-06 14:00:00,17,12.66,3.44,2026-10-06
Mi Casa,,2026-10-06 14:00:00,17,12.27,1.94,2026-10-06
Termas del Flaco,,2026-10-06 15:00:00,18,0.15,8.54,2026-10-06
BT Tinguiririca,,2026-10-06 15:00:00,18,1.11,5.49,2026-10-06
BT Portillo,,2026-10-06 15:00:00,18,1.05,4.66,2026-10-06
HLC,,2026-10-06 15:00:00,18,2.45,4.26,2026-10-06
HLH,,2026-10-06 15:00:00,18,8.92,3.19,2026-10-06
La Rufina,,2026-10-06 15:00:00,18,9.24,2.27,2026-10-06
San Fernando,,2026-10-06 15:00:00,18,12.75,4.52,2026-10-06
Mi Casa,,2026-10-06 15:00:00,18,12.89,2.26,2026-10-06
Termas del Flaco,,2026-10-06 16:00:00,19,0.56,8.21,2026-10-06
BT Tinguiririca,,2026-10-06 16:00:00,19,1.0,6.34,2026-10-06
BT Portillo,,2026-10-06 16:00:00,19,1.29,4.52,2026-10-06
HLC,,2026-10-06 16:00:00,19,3.12,4.64,2026-10-06
HLH,,2026-10-06 16:00:00,19,9.48,1.98,2026-10-06
La Rufina,,2026-10-06 16:00:00,19,9.48,1.34,2026-10-06
San Fernando,,2026-10-06 16:00:00,19,12.85,3.72,2026-10-06
Mi Casa,,2026-10-06 16:00:00,19,12.23,2.53,2026-10-06
Termas del Flaco,,2026-10-06 17:00:00,20,0.64,6.52,2026-10-06
BT Tinguiririca,,2026-10-06 17:00:00,20,0.8,3.54,2026-10-06
BT Portillo,,2026-10-06 17:00:00,20,1.5,3.62,2026-10-06
HLC,,2026-10-06 17:00:00,20,2.41,2.67,2026-10-06
HLH,,2026-10-06 17:00:00,20,8.63,2.0,2026-10-06
La Rufina,,2026-10-06 17:00:00,20,9.08,1.79,2026-10-06
San Fernando,,2026-10-06 17:00:00,20,12.07,3.92,2026-10-06
Mi Casa,,2026-10-06 17:00:00,20,12.06,2.47,2026-10-06
Termas del Flaco,,2026-10-06 18:00:00,21,0.11,8.33,2026-10-06
BT Tinguiririca,,2026-10-06 18:00:00,21,0.8,4.33,2026-10-06
BT Portillo,,2026-10-06 18:00:00,21,1.61,3.01,2026-10-06
HLC,,2026-10-06 18:00:00,21,2.26,4.94,2026-10-06
HLH,,2026-10-06 18:00:00,21,8.54,3.62,2026-10-06
La Rufina,,2026-10-06 18:00:00,21,9.22,3.7,2026-10-06
San Fernando,,2026-10-06 18:00:00,21,11.92,2.92,2026-10-06
Mi Casa,,2026-10-06 18:00:00,21,12.07,1.61,2026-10-06
Termas del Flaco,,2026-10-06 19:00:00,22,-0.13,5.69,2026-10-06
BT Tinguiririca,,2026-10-06 19:00:00,22,0.34,4.22,2026-10-06
BT Portillo,,2026-10-06 19:00:00,22,0.72,2.94,2026-10-06
HLC,,2026-10-06 19:00:00,22,1.42,5.34,2026-10-06
HLH,,2026-10-06 19:00:00,22,7.47,3.96,2026-10-06
La Rufina,,2026-10-06 19:00:00,22,8.06,4.72,2026-10-06
San Fernando,,2026-10-06 19:00:00,22,11.55,2.37,2026-10-06
Mi Casa,,2026-10-06 19:00:00,22,11.72,1.87,2026-10-06
Termas del Flaco,,2026-10-06 20:00:00,23,-0.3,3.96,2026-10-06
BT Tinguiririca,,2026-10-06 20:00:00,23,0.48,3.27,2026-10-06
BT Portillo,,2026-10-06 20:00:00,23,-0.31,1.89,2026-10-06
HLC,,2026-10-06 20:00:00,23,1.55,3.36,2026-10-06
HLH,,2026-10-06 20:00:00,23,7.35,3.08,2026-10-06
La Rufina,,2026-10-06 20:00:00,23,7.85,3.46,2026-10-06
San Fernando,,2026-10-06 20:00:00,23,11.14,2.29,2026-10-06
Mi Casa,,2026-10-06 20:00:00,23,11.26,1.63,2026-10-06
Termas del Flaco,,2026-10-06 21:00:00,24,-0.59,3.49,2026-10-06
BT Tinguiririca,,2026-10-06 21:00:00,24,0.34,3.25,2026-10-06
BT Portillo,,2026-10-06 21:00:00,24,0.4,1.81,2026-10-06
HLC,,2026-10-06 21:00:00,24,1.58,2.1,2026-10-06
HLH,,2026-10-06 21:00:00,24,7.2,3.23,2026-10-06
La Rufina,,2026-10-06 21:00:00,24,7.71,4.58,2026-10-06
San Fernando,,2026-10-06 21:00:00,24,10.93,1.42,2026-10-06
Mi Casa,,2026-10-06 21:00:00,24,11.21,1.2,2026-10-06
Termas del Flaco,,2026-10-06 22:00:00,25,-0.7,2.61,2026-10-06
BT Tinguiririca,,2026-10-06 22:00:00,25,0.33,3.23,2026-10-06
BT Portillo,,2026-10-06 22:00:00,25,0.47,1.29,2026-10-06
HLC,,2026-10-06 22:00:00,25,1.91,1.89,2026-10-06
HLH,,2026-10-06 22:00:00,25,7.18,2.16,2026-10-06
La Rufina,,2026-10-06 22:00:00,25,7.75,3.81,2026-10-06
San Fernando,,2026-10-06 22:00:00,25,10.6,1.87,2026-10-06
Mi Casa,,2026-10-06 22:00:00,25,10.7,1.31,2026-10-06
Termas del Flaco,,2026-10-06 23:00:00,26,-0.37,2.56,2026-10-06
BT Tinguiririca,,2026-10-06 23:00:00,26,0.22,3.0,2026-10-06
BT Portillo,,2026-10-06 23:00:00,26,0.73,1.83,2026-10-06
HLC,,2026-10-06 23:00:00,26,1.68,1.08,2026-10-06
HLH,,2026-10-06 23:00:00,26,7.17,2.58,2026-10-06
La Rufina,,2026-10-06 23:00:00,26,7.61,4.08,2026-10-06
San Fernando,,2026-10-06 23:00:00,26,10.94,1.03,2026-10-06
Mi Casa,,2026-10-06 23:00:00,26,10.93,0.93,2026-10-06
Termas del Flaco,,2026-10-07 00:00:00,27,-0.41,3.32,2026-10-06
BT Tinguiririca,,2026-10-07 00:00:00,27,0.22,3.63,2026-10-06
BT Portillo,,2026-10-07 00:00:00,27,-0.16,1.68,2026-10-06
HLC,,2026-10-07 00:00:00,27,1.62,2.36,2026-10-06
HLH,,2026-10-07 00:00:00,27,7.0,2.81,2026-10-06
La Rufina,,2026-10-07 00:00:00,27,7.36,2.61,2026-10-06
San Fernando,,2026-10-07 00:00:00,27,10.5,2.37,2026-10-06
Mi Casa,,2026-10-07 00:00:00,27,10.59,1.68,2026-10-06
Termas del Flaco,,2026-10-07 01:00:00,28,-0.53,2.88,2026-10-06
BT Tinguiririca,,2026-10-07 01:00:00,28,-0.22,3.37,2026-10-06
BT Portillo,,2026-10-07 01:00:00,28,-1.51,0.97,2026-10-06
HLC,,2026-10-07 01:00:00,28,1.09,2.24,2026-10-06
HLH,,2026-10-07 01:00:00,28,6.7,2.06,2026-10-06
La Rufina,,2026-10-07 01:00:00,28,6.95,2.19,2026-10-06
San Fernando,,2026-10-07 01:00:00,28,10.06,1.73,2026-10-06
Mi Casa,,2026-10-07 01:00:00,28,9.98,1.53,2026-10-06
Termas del Flaco,,2026-10-07 02:00:00,29,-0.79,1.54,2026-10-06
BT Tinguiririca,,2026-10-07 02:00:00,29,-0.03,0.89,2026-10-06
BT Portillo,,2026-10-07 02:00:00,29,-1.26,0.8,2026-10-06
HLC,,2026-10-07 02:00:00,29,1.3,0.95,2026-10-06
HLH,,2026-10-07 02:00:00,29,6.54,1.48,2026-10-06
La Rufina,,2026-10-07 02:00:00,29,6.73,2.18,2026-10-06
San Fernando,,2026-10-07 02:00:00,29,10.12,1.4,2026-10-06
Mi Casa,,2026-10-07 02:00:00,29,9.81,1.04,2026-10-06
Termas del Flaco,,2026-10-07 03:00:00,30,-0.52,1.25,2026-10-06
BT Tinguiririca,,2026-10-07 03:00:00,30,0.06,1.36,2026-10-06
BT Portillo,,2026-10-07 03:00:00,30,-0.26,1.58,2026-10-06
HLC,,2026-10-07 03:00:00,30,1.55,0.59,2026-10-06
HLH,,2026-10-07 03:00:00,30,6.96,1.37,2026-10-06
La Rufina,,2026-10-07 03:00:00,30,7.16,1.82,2026-10-06
San Fernando,,2026-10-07 03:00:00,30,10.31,0.55,2026-10-06
Mi Casa,,2026-10-07 03:00:00,30,9.69,0.22,2026-10-06
Termas del Flaco,,2026-10-07 04:00:00,31,0.55,3.26,2026-10-06
BT Tinguiririca,,2026-10-07 04:00:00,31,0.17,3.16,2026-10-06
BT Portillo,,2026-10-07 04:00:00,31,1.23,1.86,2026-10-06
HLC,,2026-10-07 04:00:00,31,1.96,1.07,2026-10-06
HLH,,2026-10-07 04:00:00,31,7.0,0.23,2026-10-06
La Rufina,,2026-10-07 04:00:00,31,7.5,0.16,2026-10-06
San Fernando,,2026-10-07 04:00:00,31,11.28,0.01,2026-10-06
Mi Casa,,2026-10-07 04:00:00,31,11.13,0.0,2026-10-06
Termas del Flaco,,2026-10-07 05:00:00,32,-0.49,1.94,2026-10-06
BT Tinguiririca,,2026-10-07 05:00:00,32,-0.51,1.1,2026-10-06
BT Portillo,,2026-10-07 05:00:00,32,-0.06,0.9,2026-10-06
HLC,,2026-10-07 05:00:00,32,1.31,1.02,2026-10-06
HLH,,2026-10-07 05:00:00,32,6.68,0.29,2026-10-06
La Rufina,,2026-10-07 05:00:00,32,7.12,0.44,2026-10-06
San Fernando,,2026-10-07 05:00:00,32,10.83,0.2,2026-10-06
Mi Casa,,2026-10-07 05:00:00,32,10.88,0.04,2026-10-06
Termas del Flaco,,2026-10-07 06:00:00,33,-1.25,1.23,2026-10-06
BT Tinguiririca,,2026-10-07 06:00:00,33,-1.61,1.09,2026-10-06
BT Portillo,,2026-10-07 06:00:00,33,-0.67,1.15,2026-10-06
HLC,,2026-10-07 06:00:00,33,0.73,1.03,2026-10-06
HLH,,2026-10-07 06:00:00,33,6.44,0.55,2026-10-06
La Rufina,,2026-10-07 06:00:00,33,6.61,0.55,2026-10-06
San Fernando,,2026-10-07 06:00:00,33,9.5,0.36,2026-10-06
Mi Casa,,2026-10-07 06:00:00,33,9.57,0.07,2026-10-06
Termas del Flaco,,2026-10-07 07:00:00,34,-0.52,1.27,2026-10-06
BT Tinguiririca,,2026-10-07 07:00:00,34,-1.46,1.83,2026-10-06
BT Portillo,,2026-10-07 07:00:00,34,-0.22,1.7,2026-10-06
HLC,,2026-10-07 07:00:00,34,0.56,1.58,2026-10-06
HLH,,2026-10-07 07:00:00,34,6.38,0.26,2026-10-06
La Rufina,,2026-10-07 07:00:00,34,6.51,0.17,2026-10-06
San Fernando,,2026-10-07 07:00:00,34,9.12,0.0,2026-10-06
Mi Casa,,2026-10-07 07:00:00,34,9.43,0.0,2026-10-06
Termas del Flaco,,2026-10-07 08:00:00,35,-2.0,0.25,2026-10-06
BT Tinguiririca,,2026-10-07 08:00:00,35,-2.89,0.08,2026-10-06
BT Portillo,,2026-10-07 08:00:00,35,-0.82,0.17,2026-10-06
HLC,,2026-10-07 08:00:00,35,0.94,0.04,2026-10-06
HLH,,2026-10-07 08:00:00,35,7.36,0.0,2026-10-06
La Rufina,,2026-10-07 08:00:00,35,7.8,0.0,2026-10-06
San Fernando,,2026-10-07 08:00:00,35,10.06,0.0,2026-10-06
Mi Casa,,2026-10-07 08:00:00,35,10.09,0.0,2026-10-06
Termas del Flaco,,2026-10-07 09:00:00,36,-1.61,0.02,2026-10-06
BT Tinguiririca,,2026-10-07 09:00:00,36,-0.97,0.0,2026-10-06
BT Portillo,,2026-10-07 09:00:00,36,-0.16,0.0,2026-10-06
HLC,,2026-10-07 09:00:00,36,1.78,0.0,2026-10-06
HLH,,2026-10-07 09:00:00,36,8.51,0.0,2026-10-06
La Rufina,,2026-10-07 09:00:00,36,9.11,0.0,2026-10-06
San Fernando,,2026-10-07 09:00:00,36,11.53,0.0,2026-10-06
Mi Casa,,2026-10-07 09:00:00,36,11.43,0.0,2026-10-06
Termas del Flaco,,2026-10-07 10:00:00,37,-0.37,0.0,2026-10-06
BT Tinguiririca,,2026-10-07 10:00:00,37,-0.2,0.0,2026-10-06
BT Portillo,,2026-10-07 10:00:00,37,-0.01,0.0,2026-10-06
HLC,,2026-10-07 10:00:00,37,3.7,0.0,2026-10-06
HLH,,2026-10-07 10:00:00,37,10.29,0.0,2026-10-06
La Rufina,,2026-10-07 10:00:00,37,11.4,0.0,2026-10-06
San Fernando,,2026-10-07 10:00:00,37,14.16,0.0,2026-10-06
Mi Casa,,2026-10-07 10:00:00,37,13.99,0.0,2026-10-06
Termas del Flaco,,2026-10-07 11:00:00,38,-0.12,0.0,2026-10-06
BT Tinguiririca,,2026-10-07 11:00:00,38,0.66,0.0,2026-10-06
BT Portillo,,2026-10-07 11:00:00,38,0.46,0.0,2026-10-06
HLC,,2026-10-07 11:00:00,38,4.54,0.0,2026-10-06
HLH,,2026-10-07 11:00:00,38,12.83,0.0,2026-10-06
La Rufina,,2026-10-07 11:00:00,38,12.65,0.0,2026-10-06
San Fernando,,2026-10-07 11:00:00,38,15.87,0.0,2026-10-06
Mi Casa,,2026-10-07 11:00:00,38,15.62,0.0,2026-10-06
Termas del Flaco,,2026-10-07 12:00:00,39,0.84,0.0,2026-10-06
BT Tinguiririca,,2026-10-07 12:00:00,39,1.46,0.0,2026-10-06
BT Portillo,,2026-10-07 12:00:00,39,0.77,0.01,2026-10-06
HLC,,2026-10-07 12:00:00,39,5.17,0.0,2026-10-06
HLH,,2026-10-07 12:00:00,39,13.78,0.0,2026-10-06
La Rufina,,2026-10-07 12:00:00,39,13.16,0.0,2026-10-06
San Fernando,,2026-10-07 12:00:00,39,16.21,0.0,2026-10-06
Mi Casa,,2026-10-07 12:00:00,39,15.69,0.0,2026-10-06
Termas del Flaco,,2026-10-07 13:00:00,40,1.37,0.82,2026-10-06
BT Tinguiririca,,2026-10-07 13:00:00,40,2.03,0.02,2026-10-06
BT Portillo,,2026-10-07 13:00:00,40,1.48,0.22,2026-10-06
HLC,,2026-10-07 13:00:00,40,5.47,0.01,2026-10-06
HLH,,2026-10-07 13:00:00,40,12.93,0.0,2026-10-06
La Rufina,,2026-10-07 13:00:00,40,11.72,0.0,2026-10-06
San Fernando,,2026-10-07 13:00:00,40,16.72,0.0,2026-10-06
Mi Casa,,2026-10-07 13:00:00,40,16.51,0.0,2026-10-06
Termas del Flaco,,2026-10-07 14:00:00,41,1.57,0.45,2026-10-06
BT Tinguiririca,,2026-10-07 14:00:00,41,1.99,0.01,2026-10-06
BT Portillo,,2026-10-07 14:00:00,41,1.27,0.29,2026-10-06
HLC,,2026-10-07 14:00:00,41,5.98,0.0,2026-10-06
HLH,,2026-10-07 14:00:00,41,10.76,0.44,2026-10-06
La Rufina,,2026-10-07 14:00:00,41,10.45,2.93,2026-10-06
San Fernando,,2026-10-07 14:00:00,41,17.17,0.0,2026-10-06
Mi Casa,,2026-10-07 14:00:00,41,15.33,0.02,2026-10-06
Termas del Flaco,,2026-10-07 15:00:00,42,1.44,0.08,2026-10-06
BT Tinguiririca,,2026-10-07 15:00:00,42,2.44,0.0,2026-10-06
BT Portillo,,2026-10-07 15:00:00,42,1.3,0.11,2026-10-06
HLC,,2026-10-07 15:00:00,42,5.02,0.47,2026-10-06
HLH,,2026-10-07 15:00:00,42,10.63,3.29,2026-10-06
La Rufina,,2026-10-07 15:00:00,42,11.17,0.46,2026-10-06
San Fernando,,2026-10-07 15:00:00,42,16.55,0.01,2026-10-06
Mi Casa,,2026-10-07 15:00:00,42,16.48,0.0,2026-10-06
Termas del Flaco,,2026-10-07 16:00:00,43,0.24,1.36,2026-10-06
BT Tinguiririca,,2026-10-07 16:00:00,43,1.34,1.47,2026-10-06
BT Portillo,,2026-10-07 16:00:00,43,0.38,1.89,2026-10-06
HLC,,2026-10-07 16:00:00,43,4.88,3.26,2026-10-06
HLH,,2026-10-07 16:00:00,43,10.96,1.04,2026-10-06
La Rufina,,2026-10-07 16:00:00,43,11.62,0.1,2026-10-06
San Fernando,,2026-10-07 16:00:00,43,16.47,0.01,2026-10-06
Mi Casa,,2026-10-07 16:00:00,43,16.27,0.0,2026-10-06
Termas del Flaco,,2026-10-07 17:00:00,44,0.56,3.01,2026-10-06
BT Tinguiririca,,2026-10-07 17:00:00,44,1.39,4.47,2026-10-06
BT Portillo,,2026-10-07 17:00:00,44,1.66,1.34,2026-10-06
HLC,,2026-10-07 17:00:00,44,4.87,4.33,2026-10-06
HLH,,2026-10-07 17:00:00,44,11.18,1.43,2026-10-06
La Rufina,,2026-10-07 17:00:00,44,11.13,2.14,2026-10-06
San Fernando,,2026-10-07 17:00:00,44,15.94,0.0,2026-10-06
Mi Casa,,2026-10-07 17:00:00,44,15.82,0.0,2026-10-06
Termas del Flaco,,2026-10-07 18:00:00,45,1.42,0.65,2026-10-06
BT Tinguiririca,,2026-10-07 18:00:00,45,2.35,2.85,2026-10-06
BT Portillo,,2026-10-07 18:00:00,45,1.21,1.25,2026-10-06
HLC,,2026-10-07 18:00:00,45,5.56,1.46,2026-10-06
HLH,,2026-10-07 18:00:00,45,10.16,0.87,2026-10-06
La Rufina,,2026-10-07 18:00:00,45,10.66,0.22,2026-10-06
San Fernando,,2026-10-07 18:00:00,45,14.96,0.0,2026-10-06
Mi Casa,,2026-10-07 18:00:00,45,14.97,0.0,2026-10-06
Termas del Flaco,,2026-10-07 19:00:00,46,0.75,0.86,2026-10-06
BT Tinguiririca,,2026-10-07 19:00:00,46,1.99,0.16,2026-10-06
BT Portillo,,2026-10-07 19:00:00,46,-2.12,0.78,2026-10-06
HLC,,2026-10-07 19:00:00,46,4.96,0.71,2026-10-06
HLH,,2026-10-07 19:00:00,46,9.66,1.66,2026-10-06
La Rufina,,2026-10-07 19:00:00,46,9.61,0.35,2026-10-06
San Fernando,,2026-10-07 19:00:00,46,13.59,0.0,2026-10-06
Mi Casa,,2026-10-07 19:00:00,46,13.36,0.0,2026-10-06
Termas del Flaco,,2026-10-07 20:00:00,47,0.57,0.46,2026-10-06
BT Tinguiririca,,2026-10-07 20:00:00,47,1.16,0.41,2026-10-06
BT Portillo,,2026-10-07 20:00:00,47,-3.68,0.05,2026-10-06
HLC,,2026-10-07 20:00:00,47,3.58,0.79,2026-10-06
HLH,,2026-10-07 20:00:00,47,8.85,0.41,2026-10-06
La Rufina,,2026-10-07 20:00:00,47,8.94,0.02,2026-10-06
San Fernando,,2026-10-07 20:00:00,47,11.81,0.0,2026-10-06
Mi Casa,,2026-10-07 20:00:00,47,11.48,0.0,2026-10-06
Termas del Flaco,,2026-10-07 21:00:00,48,-1.07,0.0,2026-10-06
BT Tinguiririca,,2026-10-07 21:00:00,48,-0.04,0.08,2026-10-06
BT Portillo,,2026-10-07 21:00:00,48,-0.59,0.07,2026-10-06
HLC,,2026-10-07 21:00:00,48,2.59,0.14,2026-10-06
HLH,,2026-10-07 21:00:00,48,8.53,0.3,2026-10-06
La Rufina,,2026-10-07 21:00:00,48,8.88,0.01,2026-10-06
San Fernando,,2026-10-07 21:00:00,48,10.79,0.0,2026-10-06
Mi Casa,,2026-10-07 21:00:00,48,10.74,0.0,2026-10-06
Termas del Flaco,,2026-10-07 22:00:00,49,-2.54,0.02,2026-10-06
BT Tinguiririca,,2026-10-07 22:00:00,49,-3.33,0.03,2026-10-06
BT Portillo,,2026-10-07 22:00:00,49,-0.35,0.01,2026-10-06
HLC,,2026-10-07 22:00:00,49,2.22,0.0,2026-10-06
HLH,,2026-10-07 22:00:00,49,8.37,0.03,2026-10-06
La Rufina,,2026-10-07 22:00:00,49,7.97,0.0,2026-10-06
San Fernando,,2026-10-07 22:00:00,49,11.72,0.0,2026-10-06
Mi Casa,,2026-10-07 22:00:00,49,10.33,0.0,2026-10-06
Termas del Flaco,,2026-10-07 23:00:00,50,-0.6,0.0,2026-10-06
BT Tinguiririca,,2026-10-07 23:00:00,50,-2.66,0.0,2026-10-06
BT Portillo,,2026-10-07 23:00:00,50,0.47,0.01,2026-10-06
HLC,,2026-10-07 23:00:00,50,2.32,0.0,2026-10-06
HLH,,2026-10-07 23:00:00,50,6.99,0.0,2026-10-06
La Rufina,,2026-10-07 23:00:00,50,7.14,0.0,2026-10-06
San Fernando,,2026-10-07 23:00:00,50,11.38,0.0,2026-10-06
Mi Casa,,2026-10-07 23:00:00,50,9.76,0.0,2026-10-06
Termas del Flaco,,2026-10-08 00:00:00,51,-1.04,0.03,2026-10-06
BT Tinguiririca,,2026-10-08 00:00:00,51,0.47,0.0,2026-10-06
BT Portillo,,2026-10-08 00:00:00,51,0.06,0.08,2026-10-06
HLC,,2026-10-08 00:00:00,51,2.18,0.01,2026-10-06
HLH,,2026-10-08 00:00:00,51,7.44,0.0,2026-10-06
La Rufina,,2026-10-08 00:00:00,51,7.45,0.0,2026-10-06
San Fernando,,2026-10-08 00:00:00,51,11.06,0.0,2026-10-06
Mi Casa,,2026-10-08 00:00:00,51,9.65,0.0,2026-10-06
Termas del Flaco,,2026-10-08 01:00:00,52,-2.21,0.0,2026-10-06
BT Tinguiririca,,2026-10-08 01:00:00,52,-1.4,0.0,2026-10-06
BT Portillo,,2026-10-08 01:00:00,52,-0.04,0.0,2026-10-06
HLC,,2026-10-08 01:00:00,52,2.2,0.0,2026-10-06
HLH,,2026-10-08 01:00:00,52,7.9,0.0,2026-10-06
La Rufina,,2026-10-08 01:00:00,52,7.19,0.0,2026-10-06
San Fernando,,2026-10-08 01:00:00,52,9.72,0.0,2026-10-06
Mi Casa,,2026-10-08 01:00:00,52,9.61,0.0,2026-10-06
Termas del Flaco,,2026-10-08 02:00:00,53,-0.45,0.0,2026-10-06
BT Tinguiririca,,2026-10-08 02:00:00,53,-2.43,0.0,2026-10-06
BT Portillo,,2026-10-08 02:00:00,53,0.58,0.01,2026-10-06
HLC,,2026-10-08 02:00:00,53,2.41,0.0,2026-10-06
HLH,,2026-10-08 02:00:00,53,7.37,0.0,2026-10-06
La Rufina,,2026-10-08 02:00:00,53,8.68,0.07,2026-10-06
San Fernando,,2026-10-08 02:00:00,53,10.31,0.0,2026-10-06
Mi Casa,,2026-10-08 02:00:00,53,9.65,0.0,2026-10-06
Termas del Flaco,,2026-10-08 03:00:00,54,-0.8,0.0,2026-10-06
BT Tinguiririca,,2026-10-08 03:00:00,54,-2.11,0.0,2026-10-06
BT Portillo,,2026-10-08 03:00:00,54,0.97,0.0,2026-10-06
HLC,,2026-10-08 03:00:00,54,2.47,0.0,2026-10-06
HLH,,2026-10-08 03:00:00,54,7.52,0.0,2026-10-06
La Rufina,,2026-10-08 03:00:00,54,7.25,0.03,2026-10-06
San Fernando,,2026-10-08 03:00:00,54,10.3,0.0,2026-10-06
Mi Casa,,2026-10-08 03:00:00,54,9.81,0.0,2026-10-06
Termas del Flaco,,2026-10-08 04:00:00,55,0.94,0.0,2026-10-06
BT Tinguiririca,,2026-10-08 04:00:00,55,-1.47,0.0,2026-10-06
BT Portillo,,2026-10-08 04:00:00,55,1.46,0.0,2026-10-06
HLC,,2026-10-08 04:00:00,55,2.47,0.0,2026-10-06
HLH,,2026-10-08 04:00:00,55,8.02,0.0,2026-10-06
La Rufina,,2026-10-08 04:00:00,55,8.31,0.0,2026-10-06
San Fernando,,2026-10-08 04:00:00,55,10.36,0.0,2026-10-06
Mi Casa,,2026-10-08 04:00:00,55,9.37,0.0,2026-10-06
Termas del Flaco,,2026-10-08 05:00:00,56,0.85,0.0,2026-10-06
BT Tinguiririca,,2026-10-08 05:00:00,56,-1.9,0.0,2026-10-06
BT Portillo,,2026-10-08 05:00:00,56,0.96,0.01,2026-10-06
HLC,,2026-10-08 05:00:00,56,2.28,0.0,2026-10-06
HLH,,2026-10-08 05:00:00,56,8.06,0.07,2026-10-06
La Rufina,,2026-10-08 05:00:00,56,8.12,0.06,2026-10-06
San Fernando,,2026-10-08 05:00:00,56,10.01,0.0,2026-10-06
Mi Casa,,2026-10-08 05:00:00,56,9.61,0.0,2026-10-06
Termas del Flaco,,2026-10-08 06:00:00,57,0.74,0.0,2026-10-06
BT Tinguiririca,,2026-10-08 06:00:00,57,-2.61,0.0,2026-10-06
BT Portillo,,2026-10-08 06:00:00,57,0.59,0.0,2026-10-06
HLC,,2026-10-08 06:00:00,57,2.32,0.0,2026-10-06
HLH,,2026-10-08 06:00:00,57,6.41,0.0,2026-10-06
La Rufina,,2026-10-08 06:00:00,57,7.25,0.02,2026-10-06
San Fernando,,2026-10-08 06:00:00,57,9.63,0.01,2026-10-06
Mi Casa,,2026-10-08 06:00:00,57,9.26,0.06,2026-10-06
Termas del Flaco,,2026-10-08 07:00:00,58,0.55,0.0,2026-10-06
BT Tinguiririca,,2026-10-08 07:00:00,58,-2.78,0.0,2026-10-06
BT Portillo,,2026-10-08 07:00:00,58,0.31,0.0,2026-10-06
HLC,,2026-10-08 07:00:00,58,2.87,0.0,2026-10-06
HLH,,2026-10-08 07:00:00,58,6.28,0.0,2026-10-06
La Rufina,,2026-10-08 07:00:00,58,6.38,0.0,2026-10-06
San Fernando,,2026-10-08 07:00:00,58,9.53,0.0,2026-10-06
Mi Casa,,2026-10-08 07:00:00,58,9.4,0.08,2026-10-06
Termas del Flaco,,2026-10-08 08:00:00,59,0.82,0.0,2026-10-06
BT Tinguiririca,,2026-10-08 08:00:00,59,-1.85,0.0,2026-10-06
BT Portillo,,2026-10-08 08:00:00,59,0.24,0.01,2026-10-06
HLC,,2026-10-08 08:00:00,59,3.74,0.0,2026-10-06
HLH,,2026-10-08 08:00:00,59,7.35,0.0,2026-10-06
La Rufina,,2026-10-08 08:00:00,59,7.77,0.0,2026-10-06
San Fernando,,2026-10-08 08:00:00,59,9.57,0.0,2026-10-06
Mi Casa,,2026-10-08 08:00:00,59,9.56,0.0,2026-10-06
Termas del Flaco,,2026-10-08 09:00:00,60,0.84,0.0,2026-10-06
BT Tinguiririca,,2026-10-08 09:00:00,60,-0.55,0.0,2026-10-06
BT Portillo,,2026-10-08 09:00:00,60,0.85,0.01,2026-10-06
HLC,,2026-10-08 09:00:00,60,5.28,0.0,2026-10-06
HLH,,2026-10-08 09:00:00,60,8.51,0.0,2026-10-06
La Rufina,,2026-10-08 09:00:00,60,8.57,0.0,2026-10-06
San Fernando,,2026-10-08 09:00:00,60,10.17,0.0,2026-10-06
Mi Casa,,2026-10-08 09:00:00,60,10.06,0.0,2026-10-06
Termas del Flaco,,2026-10-08 10:00:00,61,1.74,0.0,2026-10-06
BT Tinguiririca,,2026-10-08 10:00:00,61,1.06,0.0,2026-10-06
BT Portillo,,2026-10-08 10:00:00,61,1.71,0.03,2026-10-06
HLC,,2026-10-08 10:00:00,61,6.87,0.0,2026-10-06
HLH,,2026-10-08 10:00:00,61,10.0,0.0,2026-10-06
La Rufina,,2026-10-08 10:00:00,61,9.8,0.0,2026-10-06
San Fernando,,2026-10-08 10:00:00,61,11.2,0.01,2026-10-06
Mi Casa,,2026-10-08 10:00:00,61,10.68,0.0,2026-10-06
Termas del Flaco,,2026-10-08 11:00:00,62,2.03,0.0,2026-10-06
BT Tinguiririca,,2026-10-08 11:00:00,62,1.85,0.0,2026-10-06
BT Portillo,,2026-10-08 11:00:00,62,2.15,0.04,2026-10-06
HLC,,2026-10-08 11:00:00,62,8.38,0.0,2026-10-06
HLH,,2026-10-08 11:00:00,62,11.13,0.0,2026-10-06
La Rufina,,2026-10-08 11:00:00,62,10.93,0.0,2026-10-06
San Fernando,,2026-10-08 11:00:00,62,12.1,0.24,2026-10-06
Mi Casa,,2026-10-08 11:00:00,62,11.49,0.28,2026-10-06
Termas del Flaco,,2026-10-08 12:00:00,63,2.05,0.0,2026-10-06
BT Tinguiririca,,2026-10-08 12:00:00,63,2.92,0.0,2026-10-06
BT Portillo,,2026-10-08 12:00:00,63,2.46,0.03,2026-10-06
HLC,,2026-10-08 12:00:00,63,8.97,0.0,2026-10-06
HLH,,2026-10-08 12:00:00,63,11.65,0.0,2026-10-06
La Rufina,,2026-10-08 12:00:00,63,11.32,0.0,2026-10-06
San Fernando,,2026-10-08 12:00:00,63,13.39,0.0,2026-10-06
Mi Casa,,2026-10-08 12:00:00,63,12.91,0.04,2026-10-06
Termas del Flaco,,2026-10-08 13:00:00,64,1.79,0.02,2026-10-06
BT Tinguiririca,,2026-10-08 13:00:00,64,3.35,0.0,2026-10-06
BT Portillo,,2026-10-08 13:00:00,64,2.63,0.02,2026-10-06
HLC,,2026-10-08 13:00:00,64,9.0,0.0,2026-10-06
HLH,,2026-10-08 13:00:00,64,12.0,0.0,2026-10-06
La Rufina,,2026-10-08 13:00:00,64,11.86,0.0,2026-10-06
San Fernando,,2026-10-08 13:00:00,64,14.48,0.0,2026-10-06
Mi Casa,,2026-10-08 13:00:00,64,13.97,0.0,2026-10-06
Termas del Flaco,,2026-10-08 14:00:00,65,1.59,0.41,2026-10-06
BT Tinguiririca,,2026-10-08 14:00:00,65,3.35,0.02,2026-10-06
BT Portillo,,2026-10-08 14:00:00,65,2.46,0.04,2026-10-06
HLC,,2026-10-08 14:00:00,65,8.56,0.11,2026-10-06
HLH,,2026-10-08 14:00:00,65,11.1,0.0,2026-10-06
La Rufina,,2026-10-08 14:00:00,65,11.36,0.03,2026-10-06
San Fernando,,2026-10-08 14:00:00,65,14.49,0.0,2026-10-06
Mi Casa,,2026-10-08 14:00:00,65,14.11,0.0,2026-10-06
Termas del Flaco,,2026-10-08 15:00:00,66,1.59,0.25,2026-10-06
BT Tinguiririca,,2026-10-08 15:00:00,66,3.64,0.25,2026-10-06
BT Portillo,,2026-10-08 15:00:00,66,2.31,0.35,2026-10-06
HLC,,2026-10-08 15:00:00,66,7.79,0.36,2026-10-06
HLH,,2026-10-08 15:00:00,66,11.06,0.17,2026-10-06
La Rufina,,2026-10-08 15:00:00,66,11.98,0.0,2026-10-06
San Fernando,,2026-10-08 15:00:00,66,14.55,0.01,2026-10-06
Mi Casa,,2026-10-08 15:00:00,66,13.78,0.09,2026-10-06
Termas del Flaco,,2026-10-08 16:00:00,67,1.33,0.08,2026-10-06
BT Tinguiririca,,2026-10-08 16:00:00,67,3.5,0.19,2026-10-06
BT Portillo,,2026-10-08 16:00:00,67,2.18,0.04,2026-10-06
HLC,,2026-10-08 16:00:00,67,7.69,0.15,2026-10-06
HLH,,2026-10-08 16:00:00,67,12.05,0.11,2026-10-06
La Rufina,,2026-10-08 16:00:00,67,12.21,0.0,2026-10-06
San Fernando,,2026-10-08 16:00:00,67,16.72,0.0,2026-10-06
Mi Casa,,2026-10-08 16:00:00,67,15.66,0.03,2026-10-06
Termas del Flaco,,2026-10-08 17:00:00,68,1.39,0.07,2026-10-06
BT Tinguiririca,,2026-10-08 17:00:00,68,2.99,0.14,2026-10-06
BT Portillo,,2026-10-08 17:00:00,68,1.51,0.71,2026-10-06
HLC,,2026-10-08 17:00:00,68,7.08,0.17,2026-10-06
HLH,,2026-10-08 17:00:00,68,12.15,0.0,2026-10-06
La Rufina,,2026-10-08 17:00:00,68,12.17,0.0,2026-10-06
San Fernando,,2026-10-08 17:00:00,68,16.65,0.0,2026-10-06
Mi Casa,,2026-10-08 17:00:00,68,14.92,0.13,2026-10-06
Termas del Flaco,,2026-10-08 18:00:00,69,1.13,0.06,2026-10-06
BT Tinguiririca,,2026-10-08 18:00:00,69,2.35,0.12,2026-10-06
BT Portillo,,2026-10-08 18:00:00,69,0.27,0.17,2026-10-06
HLC,,2026-10-08 18:00:00,69,6.11,0.1,2026-10-06
HLH,,2026-10-08 18:00:00,69,12.07,0.0,2026-10-06
La Rufina,,2026-10-08 18:00:00,69,12.33,0.0,2026-10-06
San Fernando,,2026-10-08 18:00:00,69,15.14,0.32,2026-10-06
Mi Casa,,2026-10-08 18:00:00,69,15.1,0.06,2026-10-06
Termas del Flaco,,2026-10-08 19:00:00,70,-0.93,0.03,2026-10-06
BT Tinguiririca,,2026-10-08 19:00:00,70,-0.95,0.0,2026-10-06
BT Portillo,,2026-10-08 19:00:00,70,-1.51,0.0,2026-10-06
HLC,,2026-10-08 19:00:00,70,5.27,0.0,2026-10-06
HLH,,2026-10-08 19:00:00,70,10.47,0.15,2026-10-06
La Rufina,,2026-10-08 19:00:00,70,10.94,0.0,2026-10-06
San Fernando,,2026-10-08 19:00:00,70,14.95,0.0,2026-10-06
Mi Casa,,2026-10-08 19:00:00,70,14.46,0.08,2026-10-06
Termas del Flaco,,2026-10-08 20:00:00,71,-1.67,0.0,2026-10-06
BT Tinguiririca,,2026-10-08 20:00:00,71,-2.63,0.0,2026-10-06
BT Portillo,,2026-10-08 20:00:00,71,-2.21,0.0,2026-10-06
HLC,,2026-10-08 20:00:00,71,2.83,0.0,2026-10-06
HLH,,2026-10-08 20:00:00,71,9.68,0.31,2026-10-06
La Rufina,,2026-10-08 20:00:00,71,8.88,0.0,2026-10-06
San Fernando,,2026-10-08 20:00:00,71,13.06,0.05,2026-10-06
Mi Casa,,2026-10-08 20:00:00,71,12.93,0.01,2026-10-06
Termas del Flaco,,2026-10-08 21:00:00,72,-2.23,0.0,2026-10-06
BT Tinguiririca,,2026-10-08 21:00:00,72,-4.23,0.0,2026-10-06
BT Portillo,,2026-10-08 21:00:00,72,-3.0,0.0,2026-10-06
HLC,,2026-10-08 21:00:00,72,1.98,0.0,2026-10-06
HLH,,2026-10-08 21:00:00,72,8.11,0.0,2026-10-06
La Rufina,,2026-10-08 21:00:00,72,9.28,0.26,2026-10-06
San Fernando,,2026-10-08 21:00:00,72,11.03,0.0,2026-10-06
Mi Casa,,2026-10-08 21:00:00,72,10.83,0.0,2026-10-06
Termas del Flaco,,2026-10-05 22:00:00,1,-0.19,2.08,2026-10-06 00:00:00
BT Tinguiririca,,2026-10-05 22:00:00,1,0.27,2.56,2026-10-06 00:00:00
BT Portillo,,2026-10-05 22:00:00,1,1.41,2.05,2026-10-06 00:00:00
HLC,,2026-10-05 22:00:00,1,1.65,1.95,2026-10-06 00:00:00
HLH,,2026-10-05 22:00:00,1,6.32,1.24,2026-10-06 00:00:00
La Rufina,,2026-10-05 22:00:00,1,7.11,1.5,2026-10-06 00:00:00
San Fernando,,2026-10-05 22:00:00,1,10.43,1.51,2026-10-06 00:00:00
Mi Casa,,2026-10-05 22:00:00,1,10.21,0.42,2026-10-06 00:00:00
Termas del Flaco,,2026-10-05 23:00:00,2,-0.34,1.62,2026-10-06 00:00:00
BT Tinguiririca,,2026-10-05 23:00:00,2,0.53,1.89,2026-10-06 00:00:00
BT Portillo,,2026-10-05 23:00:00,2,1.39,1.13,2026-10-06 00:00:00
HLC,,2026-10-05 23:00:00,2,2.04,1.13,2026-10-06 00:00:00
HLH,,2026-10-05 23:00:00,2,6.69,0.22,2026-10-06 00:00:00
La Rufina,,2026-10-05 23:00:00,2,7.41,0.45,2026-10-06 00:00:00
San Fernando,,2026-10-05 23:00:00,2,10.36,1.51,2026-10-06 00:00:00
Mi Casa,,2026-10-05 23:00:00,2,10.13,0.43,2026-10-06 00:00:00
Termas del Flaco,,2026-10-06 00:00:00,3,-0.04,1.97,2026-10-06 00:00:00
BT Tinguiririca,,2026-10-06 00:00:00,3,0.61,1.94,2026-10-06 00:00:00
BT Portillo,,2026-10-06 00:00:00,3,1.06,1.42,2026-10-06 00:00:00
HLC,,2026-10-06 00:00:00,3,1.94,1.17,2026-10-06 00:00:00
HLH,,2026-10-06 00:00:00,3,6.81,0.47,2026-10-06 00:00:00
La Rufina,,2026-10-06 00:00:00,3,7.51,0.7,2026-10-06 00:00:00
San Fernando,,2026-10-06 00:00:00,3,10.45,1.44,2026-10-06 00:00:00
Mi Casa,,2026-10-06 00:00:00,3,10.09,0.51,2026-10-06 00:00:00
Termas del Flaco,,2026-10-06 01:00:00,4,0.44,2.38,2026-10-06 00:00:00
BT Tinguiririca,,2026-10-06 01:00:00,4,1.15,2.29,2026-10-06 00:00:00
BT Portillo,,2026-10-06 01:00:00,4,2.41,1.55,2026-10-06 00:00:00
HLC,,2026-10-06 01:00:00,4,2.53,0.71,2026-10-06 00:00:00
HLH,,2026-10-06 01:00:00,4,7.32,0.12,2026-10-06 00:00:00
La Rufina,,2026-10-06 01:00:00,4,7.99,0.28,2026-10-06 00:00:00
San Fernando,,2026-10-06 01:00:00,4,10.68,2.13,2026-10-06 00:00:00
Mi Casa,,2026-10-06 01:00:00,4,10.37,0.93,2026-10-06 00:00:00
Termas del Flaco,,2026-10-06 02:00:00,5,0.42,6.13,2026-10-06 00:00:00
BT Tinguiririca,,2026-10-06 02:00:00,5,1.4,3.03,2026-10-06 00:00:00
BT Portillo,,2026-10-06 02:00:00,5,3.02,3.42,2026-10-06 00:00:00
HLC,,2026-10-06 02:00:00,5,2.77,2.63,2026-10-06 00:00:00
HLH,,2026-10-06 02:00:00,5,7.51,0.9,2026-10-06 00:00:00
La Rufina,,2026-10-06 02:00:00,5,8.28,0.99,2026-10-06 00:00:00
San Fernando,,2026-10-06 02:00:00,5,11.04,2.72,2026-10-06 00:00:00
Mi Casa,,2026-10-06 02:00:00,5,10.89,1.22,2026-10-06 00:00:00
Termas del Flaco,,2026-10-06 03:00:00,6,0.64,7.18,2026-10-06 00:00:00
BT Tinguiririca,,2026-10-06 03:00:00,6,1.5,4.34,2026-10-06 00:00:00
BT Portillo,,2026-10-06 03:00:00,6,3.48,6.67,2026-10-06 00:00:00
HLC,,2026-10-06 03:00:00,6,2.76,5.25,2026-10-06 00:00:00
HLH,,2026-10-06 03:00:00,6,7.85,1.59,2026-10-06 00:00:00
La Rufina,,2026-10-06 03:00:00,6,8.82,0.93,2026-10-06 00:00:00
San Fernando,,2026-10-06 03:00:00,6,11.37,3.73,2026-10-06 00:00:00
Mi Casa,,2026-10-06 03:00:00,6,11.32,1.29,2026-10-06 00:00:00
Termas del Flaco,,2026-10-06 04:00:00,7,0.97,7.25,2026-10-06 00:00:00
BT Tinguiririca,,2026-10-06 04:00:00,7,1.43,5.53,2026-10-06 00:00:00
BT Portillo,,2026-10-06 04:00:00,7,3.03,7.68,2026-10-06 00:00:00
HLC,,2026-10-06 04:00:00,7,3.06,6.56,2026-10-06 00:00:00
HLH,,2026-10-06 04:00:00,7,9.16,2.69,2026-10-06 00:00:00
La Rufina,,2026-10-06 04:00:00,7,9.83,1.64,2026-10-06 00:00:00
San Fernando,,2026-10-06 04:00:00,7,11.59,5.85,2026-10-06 00:00:00
Mi Casa,,2026-10-06 04:00:00,7,11.57,2.9,2026-10-06 00:00:00
Termas del Flaco,,2026-10-06 05:00:00,8,1.06,8.3,2026-10-06 00:00:00
BT Tinguiririca,,2026-10-06 05:00:00,8,1.03,8.88,2026-10-06 00:00:00
BT Portillo,,2026-10-06 05:00:00,8,2.39,8.08,2026-10-06 00:00:00
HLC,,2026-10-06 05:00:00,8,2.9,8.89,2026-10-06 00:00:00
HLH,,2026-10-06 05:00:00,8,9.25,3.76,2026-10-06 00:00:00
La Rufina,,2026-10-06 05:00:00,8,9.87,2.01,2026-10-06 00:00:00
San Fernando,,2026-10-06 05:00:00,8,11.91,4.54,2026-10-06 00:00:00
Mi Casa,,2026-10-06 05:00:00,8,12.09,2.48,2026-10-06 00:00:00
Termas del Flaco,,2026-10-06 06:00:00,9,0.95,7.7,2026-10-06 00:00:00
BT Tinguiririca,,2026-10-06 06:00:00,9,1.03,9.34,2026-10-06 00:00:00
BT Portillo,,2026-10-06 06:00:00,9,2.06,7.58,2026-10-06 00:00:00
HLC,,2026-10-06 06:00:00,9,2.69,8.65,2026-10-06 00:00:00
HLH,,2026-10-06 06:00:00,9,9.15,2.9,2026-10-06 00:00:00
La Rufina,,2026-10-06 06:00:00,9,9.58,1.46,2026-10-06 00:00:00
San Fernando,,2026-10-06 06:00:00,9,11.43,3.84,2026-10-06 00:00:00
Mi Casa,,2026-10-06 06:00:00,9,11.38,2.06,2026-10-06 00:00:00
Termas del Flaco,,2026-10-06 07:00:00,10,0.83,6.63,2026-10-06 00:00:00
BT Tinguiririca,,2026-10-06 07:00:00,10,1.06,8.86,2026-10-06 00:00:00
BT Portillo,,2026-10-06 07:00:00,10,1.74,9.02,2026-10-06 00:00:00
HLC,,2026-10-06 07:00:00,10,2.29,10.06,2026-10-06 00:00:00
HLH,,2026-10-06 07:00:00,10,8.12,7.38,2026-10-06 00:00:00
La Rufina,,2026-10-06 07:00:00,10,9.28,6.06,2026-10-06 00:00:00
San Fernando,,2026-10-06 07:00:00,10,11.27,6.89,2026-10-06 00:00:00
Mi Casa,,2026-10-06 07:00:00,10,11.2,4.22,2026-10-06 00:00:00
Termas del Flaco,,2026-10-06 08:00:00,11,0.58,8.32,2026-10-06 00:00:00
BT Tinguiririca,,2026-10-06 08:00:00,11,0.76,8.65,2026-10-06 00:00:00
BT Portillo,,2026-10-06 08:00:00,11,1.81,8.1,2026-10-06 00:00:00
HLC,,2026-10-06 08:00:00,11,1.94,9.81,2026-10-06 00:00:00
HLH,,2026-10-06 08:00:00,11,8.48,14.11,2026-10-06 00:00:00
La Rufina,,2026-10-06 08:00:00,11,9.17,15.45,2026-10-06 00:00:00
San Fernando,,2026-10-06 08:00:00,11,11.42,6.25,2026-10-06 00:00:00
Mi Casa,,2026-10-06 08:00:00,11,11.35,4.24,2026-10-06 00:00:00
Termas del Flaco,,2026-10-06 09:00:00,12,-0.18,8.35,2026-10-06 00:00:00
BT Tinguiririca,,2026-10-06 09:00:00,12,0.37,6.33,2026-10-06 00:00:00
BT Portillo,,2026-10-06 09:00:00,12,1.19,4.46,2026-10-06 00:00:00
HLC,,2026-10-06 09:00:00,12,1.45,6.09,2026-10-06 00:00:00
HLH,,2026-10-06 09:00:00,12,7.97,6.84,2026-10-06 00:00:00
La Rufina,,2026-10-06 09:00:00,12,8.58,7.84,2026-10-06 00:00:00
San Fernando,,2026-10-06 09:00:00,12,11.34,4.52,2026-10-06 00:00:00
Mi Casa,,2026-10-06 09:00:00,12,11.27,4.59,2026-10-06 00:00:00
Termas del Flaco,,2026-10-06 10:00:00,13,0.16,4.7,2026-10-06 00:00:00
BT Tinguiririca,,2026-10-06 10:00:00,13,0.54,3.59,2026-10-06 00:00:00
BT Portillo,,2026-10-06 10:00:00,13,1.37,3.2,2026-10-06 00:00:00
HLC,,2026-10-06 10:00:00,13,1.83,4.04,2026-10-06 00:00:00
HLH,,2026-10-06 10:00:00,13,7.73,3.4,2026-10-06 00:00:00
La Rufina,,2026-10-06 10:00:00,13,8.78,3.32,2026-10-06 00:00:00
San Fernando,,2026-10-06 10:00:00,13,11.44,3.45,2026-10-06 00:00:00
Mi Casa,,2026-10-06 10:00:00,13,11.29,4.48,2026-10-06 00:00:00
Termas del Flaco,,2026-10-06 11:00:00,14,0.5,4.25,2026-10-06 00:00:00
BT Tinguiririca,,2026-10-06 11:00:00,14,0.63,3.87,2026-10-06 00:00:00
BT Portillo,,2026-10-06 11:00:00,14,1.77,3.32,2026-10-06 00:00:00
HLC,,2026-10-06 11:00:00,14,2.39,3.86,2026-10-06 00:00:00
HLH,,2026-10-06 11:00:00,14,8.36,3.38,2026-10-06 00:00:00
La Rufina,,2026-10-06 11:00:00,14,8.5,3.31,2026-10-06 00:00:00
San Fernando,,2026-10-06 11:00:00,14,12.22,2.46,2026-10-06 00:00:00
Mi Casa,,2026-10-06 11:00:00,14,11.89,2.02,2026-10-06 00:00:00
Termas del Flaco,,2026-10-06 12:00:00,15,0.81,5.72,2026-10-06 00:00:00
BT Tinguiririca,,2026-10-06 12:00:00,15,1.0,4.44,2026-10-06 00:00:00
BT Portillo,,2026-10-06 12:00:00,15,1.67,3.99,2026-10-06 00:00:00
HLC,,2026-10-06 12:00:00,15,2.15,3.09,2026-10-06 00:00:00
HLH,,2026-10-06 12:00:00,15,8.65,2.49,2026-10-06 00:00:00
La Rufina,,2026-10-06 12:00:00,15,9.46,2.15,2026-10-06 00:00:00
San Fernando,,2026-10-06 12:00:00,15,12.84,2.98,2026-10-06 00:00:00
Mi Casa,,2026-10-06 12:00:00,15,12.63,1.51,2026-10-06 00:00:00
Termas del Flaco,,2026-10-06 13:00:00,16,0.4,6.53,2026-10-06 00:00:00
BT Tinguiririca,,2026-10-06 13:00:00,16,1.04,3.02,2026-10-06 00:00:00
BT Portillo,,2026-10-06 13:00:00,16,1.44,3.51,2026-10-06 00:00:00
HLC,,2026-10-06 13:00:00,16,2.75,2.05,2026-10-06 00:00:00
HLH,,2026-10-06 13:00:00,16,8.41,2.14,2026-10-06 00:00:00
La Rufina,,2026-10-06 13:00:00,16,9.93,2.39,2026-10-06 00:00:00
San Fernando,,2026-10-06 13:00:00,16,12.92,5.35,2026-10-06 00:00:00
Mi Casa,,2026-10-06 13:00:00,16,12.79,3.53,2026-10-06 00:00:00
Termas del Flaco,,2026-10-06 14:00:00,17,0.51,7.86,2026-10-06 00:00:00
BT Tinguiririca,,2026-10-06 14:00:00,17,1.32,5.34,2026-10-06 00:00:00
BT Portillo,,2026-10-06 14:00:00,17,1.07,3.93,2026-10-06 00:00:00
HLC,,2026-10-06 14:00:00,17,2.75,4.15,2026-10-06 00:00:00
HLH,,2026-10-06 14:00:00,17,8.62,2.91,2026-10-06 00:00:00
La Rufina,,2026-10-06 14:00:00,17,9.83,2.36,2026-10-06 00:00:00
San Fernando,,2026-10-06 14:00:00,17,12.66,3.44,2026-10-06 00:00:00
Mi Casa,,2026-10-06 14:00:00,17,12.27,1.94,2026-10-06 00:00:00
Termas del Flaco,,2026-10-06 15:00:00,18,0.15,8.54,2026-10-06 00:00:00
BT Tinguiririca,,2026-10-06 15:00:00,18,1.11,5.49,2026-10-06 00:00:00
BT Portillo,,2026-10-06 15:00:00,18,1.05,4.66,2026-10-06 00:00:00
HLC,,2026-10-06 15:00:00,18,2.45,4.26,2026-10-06 00:00:00
HLH,,2026-10-06 15:00:00,18,8.92,3.19,2026-10-06 00:00:00
La Rufina,,2026-10-06 15:00:00,18,9.24,2.27,2026-10-06 00:00:00
San Fernando,,2026-10-06 15:00:00,18,12.75,4.52,2026-10-06 00:00:00
Mi Casa,,2026-10-06 15:00:00,18,12.89,2.26,2026-10-06 00:00:00
Termas del Flaco,,2026-10-06 16:00:00,19,0.56,8.21,2026-10-06 00:00:00
BT Tinguiririca,,2026-10-06 16:00:00,19,1.0,6.34,2026-10-06 00:00:00
BT Portillo,,2026-10-06 16:00:00,19,1.29,4.52,2026-10-06 00:00:00
HLC,,2026-10-06 16:00:00,19,3.12,4.64,2026-10-06 00:00:00
HLH,,2026-10-06 16:00:00,19,9.48,1.98,2026-10-06 00:00:00
La Rufina,,2026-10-06 16:00:00,19,9.48,1.34,2026-10-06 00:00:00
San Fernando,,2026-10-06 16:00:00,19,12.85,3.72,2026-10-06 00:00:00
Mi Casa,,2026-10-06 16:00:00,19,12.23,2.53,2026-10-06 00:00:00
Termas del Flaco,,2026-10-06 17:00:00,20,0.64,6.52,2026-10-06 00:00:00
BT Tinguiririca,,2026-10-06 17:00:00,20,0.8,3.54,2026-10-06 00:00:00
BT Portillo,,2026-10-06 17:00:00,20,1.5,3.62,2026-10-06 00:00:00
HLC,,2026-10-06 17:00:00,20,2.41,2.67,2026-10-06 00:00:00
HLH,,2026-10-06 17:00:00,20,8.63,2.0,2026-10-06 00:00:00
La Rufina,,2026-10-06 17:00:00,20,9.08,1.79,2026-10-06 00:00:00
San Fernando,,2026-10-06 17:00:00,20,12.07,3.92,2026-10-06 00:00:00
Mi Casa,,2026-10-06 17:00:00,20,12.06,2.47,2026-10-06 00:00:00
Termas del Flaco,,2026-10-06 18:00:00,21,0.11,8.33,2026-10-06 00:00:00
BT Tinguiririca,,2026-10-06 18:00:00,21,0.8,4.33,2026-10-06 00:00:00
BT Portillo,,2026-10-06 18:00:00,21,1.61,3.01,2026-10-06 00:00:00
HLC,,2026-10-06 18:00:00,21,2.26,4.94,2026-10-06 00:00:00
HLH,,2026-10-06 18:00:00,21,8.54,3.62,2026-10-06 00:00:00
La Rufina,,2026-10-06 18:00:00,21,9.22,3.7,2026-10-06 00:00:00
San Fernando,,2026-10-06 18:00:00,21,11.92,2.92,2026-10-06 00:00:00
Mi Casa,,2026-10-06 18:00:00,21,12.07,1.61,2026-10-06 00:00:00
Termas del Flaco,,2026-10-06 19:00:00,22,-0.13,5.69,2026-10-06 00:00:00
BT Tinguiririca,,2026-10-06 19:00:00,22,0.34,4.22,2026-10-06 00:00:00
BT Portillo,,2026-10-06 19:00:00,22,0.72,2.94,2026-10-06 00:00:00
HLC,,2026-10-06 19:00:00,22,1.42,5.34,2026-10-06 00:00:00
HLH,,2026-10-06 19:00:00,22,7.47,3.96,2026-10-06 00:00:00
La Rufina,,2026-10-06 19:00:00,22,8.06,4.72,2026-10-06 00:00:00
San Fernando,,2026-10-06 19:00:00,22,11.55,2.37,2026-10-06 00:00:00
Mi Casa,,2026-10-06 19:00:00,22,11.72,1.87,2026-10-06 00:00:00
Termas del Flaco,,2026-10-06 20:00:00,23,-0.3,3.96,2026-10-06 00:00:00
BT Tinguiririca,,2026-10-06 20:00:00,23,0.48,3.27,2026-10-06 00:00:00
BT Portillo,,2026-10-06 20:00:00,23,-0.31,1.89,2026-10-06 00:00:00
HLC,,2026-10-06 20:00:00,23,1.55,3.36,2026-10-06 00:00:00
HLH,,2026-10-06 20:00:00,23,7.35,3.08,2026-10-06 00:00:00
La Rufina,,2026-10-06 20:00:00,23,7.85,3.46,2026-10-06 00:00:00
San Fernando,,2026-10-06 20:00:00,23,11.14,2.29,2026-10-06 00:00:00
Mi Casa,,2026-10-06 20:00:00,23,11.26,1.63,2026-10-06 00:00:00
Termas del Flaco,,2026-10-06 21:00:00,24,-0.59,3.49,2026-10-06 00:00:00
BT Tinguiririca,,2026-10-06 21:00:00,24,0.34,3.25,2026-10-06 00:00:00
BT Portillo,,2026-10-06 21:00:00,24,0.4,1.81,2026-10-06 00:00:00
HLC,,2026-10-06 21:00:00,24,1.58,2.1,2026-10-06 00:00:00
HLH,,2026-10-06 21:00:00,24,7.2,3.23,2026-10-06 00:00:00
La Rufina,,2026-10-06 21:00:00,24,7.71,4.58,2026-10-06 00:00:00
San Fernando,,2026-10-06 21:00:00,24,10.93,1.42,2026-10-06 00:00:00
Mi Casa,,2026-10-06 21:00:00,24,11.21,1.2,2026-10-06 00:00:00
Termas del Flaco,,2026-10-06 22:00:00,25,-0.7,2.61,2026-10-06 00:00:00
BT Tinguiririca,,2026-10-06 22:00:00,25,0.33,3.23,2026-10-06 00:00:00
BT Portillo,,2026-10-06 22:00:00,25,0.47,1.29,2026-10-06 00:00:00
HLC,,2026-10-06 22:00:00,25,1.91,1.89,2026-10-06 00:00:00
HLH,,2026-10-06 22:00:00,25,7.18,2.16,2026-10-06 00:00:00
La Rufina,,2026-10-06 22:00:00,25,7.75,3.81,2026-10-06 00:00:00
San Fernando,,2026-10-06 22:00:00,25,10.6,1.87,2026-10-06 00:00:00
Mi Casa,,2026-10-06 22:00:00,25,10.7,1.31,2026-10-06 00:00:00
Termas del Flaco,,2026-10-06 23:00:00,26,-0.37,2.56,2026-10-06 00:00:00
BT Tinguiririca,,2026-10-06 23:00:00,26,0.22,3.0,2026-10-06 00:00:00
BT Portillo,,2026-10-06 23:00:00,26,0.73,1.83,2026-10-06 00:00:00
HLC,,2026-10-06 23:00:00,26,1.68,1.08,2026-10-06 00:00:00
HLH,,2026-10-06 23:00:00,26,7.17,2.58,2026-10-06 00:00:00
La Rufina,,2026-10-06 23:00:00,26,7.61,4.08,2026-10-06 00:00:00
San Fernando,,2026-10-06 23:00:00,26,10.94,1.03,2026-10-06 00:00:00
Mi Casa,,2026-10-06 23:00:00,26,10.93,0.93,2026-10-06 00:00:00
Termas del Flaco,,2026-10-07 00:00:00,27,-0.41,3.32,2026-10-06 00:00:00
BT Tinguiririca,,2026-10-07 00:00:00,27,0.22,3.63,2026-10-06 00:00:00
BT Portillo,,2026-10-07 00:00:00,27,-0.16,1.68,2026-10-06 00:00:00
HLC,,2026-10-07 00:00:00,27,1.62,2.36,2026-10-06 00:00:00
HLH,,2026-10-07 00:00:00,27,7.0,2.81,2026-10-06 00:00:00
La Rufina,,2026-10-07 00:00:00,27,7.36,2.61,2026-10-06 00:00:00
San Fernando,,2026-10-07 00:00:00,27,10.5,2.37,2026-10-06 00:00:00
Mi Casa,,2026-10-07 00:00:00,27,10.59,1.68,2026-10-06 00:00:00
Termas del Flaco,,2026-10-07 01:00:00,28,-0.53,2.88,2026-10-06 00:00:00
BT Tinguiririca,,2026-10-07 01:00:00,28,-0.22,3.37,2026-10-06 00:00:00
BT Portillo,,2026-10-07 01:00:00,28,-1.51,0.97,2026-10-06 00:00:00
HLC,,2026-10-07 01:00:00,28,1.09,2.24,2026-10-06 00:00:00
HLH,,2026-10-07 01:00:00,28,6.7,2.06,2026-10-06 00:00:00
La Rufina,,2026-10-07 01:00:00,28,6.95,2.19,2026-10-06 00:00:00
San Fernando,,2026-10-07 01:00:00,28,10.06,1.73,2026-10-06 00:00:00
Mi Casa,,2026-10-07 01:00:00,28,9.98,1.53,2026-10-06 00:00:00
Termas del Flaco,,2026-10-07 02:00:00,29,-0.79,1.54,2026-10-06 00:00:00
BT Tinguiririca,,2026-10-07 02:00:00,29,-0.03,0.89,2026-10-06 00:00:00
BT Portillo,,2026-10-07 02:00:00,29,-1.26,0.8,2026-10-06 00:00:00
HLC,,2026-10-07 02:00:00,29,1.3,0.95,2026-10-06 00:00:00
HLH,,2026-10-07 02:00:00,29,6.54,1.48,2026-10-06 00:00:00
La Rufina,,2026-10-07 02:00:00,29,6.73,2.18,2026-10-06 00:00:00
San Fernando,,2026-10-07 02:00:00,29,10.12,1.4,2026-10-06 00:00:00
Mi Casa,,2026-10-07 02:00:00,29,9.81,1.04,2026-10-06 00:00:00
Termas del Flaco,,2026-10-07 03:00:00,30,-0.52,1.25,2026-10-06 00:00:00
BT Tinguiririca,,2026-10-07 03:00:00,30,0.06,1.36,2026-10-06 00:00:00
BT Portillo,,2026-10-07 03:00:00,30,-0.26,1.58,2026-10-06 00:00:00
HLC,,2026-10-07 03:00:00,30,1.55,0.59,2026-10-06 00:00:00
HLH,,2026-10-07 03:00:00,30,6.96,1.37,2026-10-06 00:00:00
La Rufina,,2026-10-07 03:00:00,30,7.16,1.82,2026-10-06 00:00:00
San Fernando,,2026-10-07 03:00:00,30,10.31,0.55,2026-10-06 00:00:00
Mi Casa,,2026-10-07 03:00:00,30,9.69,0.22,2026-10-06 00:00:00
Termas del Flaco,,2026-10-07 04:00:00,31,0.55,3.26,2026-10-06 00:00:00
BT Tinguiririca,,2026-10-07 04:00:00,31,0.17,3.16,2026-10-06 00:00:00
BT Portillo,,2026-10-07 04:00:00,31,1.23,1.86,2026-10-06 00:00:00
HLC,,2026-10-07 04:00:00,31,1.96,1.07,2026-10-06 00:00:00
HLH,,2026-10-07 04:00:00,31,7.0,0.23,2026-10-06 00:00:00
La Rufina,,2026-10-07 04:00:00,31,7.5,0.16,2026-10-06 00:00:00
San Fernando,,2026-10-07 04:00:00,31,11.28,0.01,2026-10-06 00:00:00
Mi Casa,,2026-10-07 04:00:00,31,11.13,0.0,2026-10-06 00:00:00
Termas del Flaco,,2026-10-07 05:00:00,32,-0.49,1.94,2026-10-06 00:00:00
BT Tinguiririca,,2026-10-07 05:00:00,32,-0.51,1.1,2026-10-06 00:00:00
BT Portillo,,2026-10-07 05:00:00,32,-0.06,0.9,2026-10-06 00:00:00
HLC,,2026-10-07 05:00:00,32,1.31,1.02,2026-10-06 00:00:00
HLH,,2026-10-07 05:00:00,32,6.68,0.29,2026-10-06 00:00:00
La Rufina,,2026-10-07 05:00:00,32,7.12,0.44,2026-10-06 00:00:00
San Fernando,,2026-10-07 05:00:00,32,10.83,0.2,2026-10-06 00:00:00
Mi Casa,,2026-10-07 05:00:00,32,10.88,0.04,2026-10-06 00:00:00
Termas del Flaco,,2026-10-07 06:00:00,33,-1.25,1.23,2026-10-06 00:00:00
BT Tinguiririca,,2026-10-07 06:00:00,33,-1.61,1.09,2026-10-06 00:00:00
BT Portillo,,2026-10-07 06:00:00,33,-0.67,1.15,2026-10-06 00:00:00
HLC,,2026-10-07 06:00:00,33,0.73,1.03,2026-10-06 00:00:00
HLH,,2026-10-07 06:00:00,33,6.44,0.55,2026-10-06 00:00:00
La Rufina,,2026-10-07 06:00:00,33,6.61,0.55,2026-10-06 00:00:00
San Fernando,,2026-10-07 06:00:00,33,9.5,0.36,2026-10-06 00:00:00
Mi Casa,,2026-10-07 06:00:00,33,9.57,0.07,2026-10-06 00:00:00
Termas del Flaco,,2026-10-07 07:00:00,34,-0.52,1.27,2026-10-06 00:00:00
BT Tinguiririca,,2026-10-07 07:00:00,34,-1.46,1.83,2026-10-06 00:00:00
BT Portillo,,2026-10-07 07:00:00,34,-0.22,1.7,2026-10-06 00:00:00
HLC,,2026-10-07 07:00:00,34,0.56,1.58,2026-10-06 00:00:00
HLH,,2026-10-07 07:00:00,34,6.38,0.26,2026-10-06 00:00:00
La Rufina,,2026-10-07 07:00:00,34,6.51,0.17,2026-10-06 00:00:00
San Fernando,,2026-10-07 07:00:00,34,9.12,0.0,2026-10-06 00:00:00
Mi Casa,,2026-10-07 07:00:00,34,9.43,0.0,2026-10-06 00:00:00
Termas del Flaco,,2026-10-07 08:00:00,35,-2.0,0.25,2026-10-06 00:00:00
BT Tinguiririca,,2026-10-07 08:00:00,35,-2.89,0.08,2026-10-06 00:00:00
BT Portillo,,2026-10-07 08:00:00,35,-0.82,0.17,2026-10-06 00:00:00
HLC,,2026-10-07 08:00:00,35,0.94,0.04,2026-10-06 00:00:00
HLH,,2026-10-07 08:00:00,35,7.36,0.0,2026-10-06 00:00:00
La Rufina,,2026-10-07 08:00:00,35,7.8,0.0,2026-10-06 00:00:00
San Fernando,,2026-10-07 08:00:00,35,10.06,0.0,2026-10-06 00:00:00
Mi Casa,,2026-10-07 08:00:00,35,10.09,0.0,2026-10-06 00:00:00
Termas del Flaco,,2026-10-07 09:00:00,36,-1.61,0.02,2026-10-06 00:00:00
BT Tinguiririca,,2026-10-07 09:00:00,36,-0.97,0.0,2026-10-06 00:00:00
BT Portillo,,2026-10-07 09:00:00,36,-0.16,0.0,2026-10-06 00:00:00
HLC,,2026-10-07 09:00:00,36,1.78,0.0,2026-10-06 00:00:00
HLH,,2026-10-07 09:00:00,36,8.51,0.0,2026-10-06 00:00:00
La Rufina,,2026-10-07 09:00:00,36,9.11,0.0,2026-10-06 00:00:00
San Fernando,,2026-10-07 09:00:00,36,11.53,0.0,2026-10-06 00:00:00
Mi Casa,,2026-10-07 09:00:00,36,11.43,0.0,2026-10-06 00:00:00
Termas del Flaco,,2026-10-07 10:00:00,37,-0.37,0.0,2026-10-06 00:00:00
BT Tinguiririca,,2026-10-07 10:00:00,37,-0.2,0.0,2026-10-06 00:00:00
BT Portillo,,2026-10-07 10:00:00,37,-0.01,0.0,2026-10-06 00:00:00
HLC,,2026-10-07 10:00:00,37,3.7,0.0,2026-10-06 00:00:00
HLH,,2026-10-07 10:00:00,37,10.29,0.0,2026-10-06 00:00:00
La Rufina,,2026-10-07 10:00:00,37,11.4,0.0,2026-10-06 00:00:00
San Fernando,,2026-10-07 10:00:00,37,14.16,0.0,2026-10-06 00:00:00
Mi Casa,,2026-10-07 10:00:00,37,13.99,0.0,2026-10-06 00:00:00
Termas del Flaco,,2026-10-07 11:00:00,38,-0.12,0.0,2026-10-06 00:00:00
BT Tinguiririca,,2026-10-07 11:00:00,38,0.66,0.0,2026-10-06 00:00:00
BT Portillo,,2026-10-07 11:00:00,38,0.46,0.0,2026-10-06 00:00:00
HLC,,2026-10-07 11:00:00,38,4.54,0.0,2026-10-06 00:00:00
HLH,,2026-10-07 11:00:00,38,12.83,0.0,2026-10-06 00:00:00
La Rufina,,2026-10-07 11:00:00,38,12.65,0.0,2026-10-06 00:00:00
San Fernando,,2026-10-07 11:00:00,38,15.87,0.0,2026-10-06 00:00:00
Mi Casa,,2026-10-07 11:00:00,38,15.62,0.0,2026-10-06 00:00:00
Termas del Flaco,,2026-10-07 12:00:00,39,0.84,0.0,2026-10-06 00:00:00
BT Tinguiririca,,2026-10-07 12:00:00,39,1.46,0.0,2026-10-06 00:00:00
BT Portillo,,2026-10-07 12:00:00,39,0.77,0.01,2026-10-06 00:00:00
HLC,,2026-10-07 12:00:00,39,5.17,0.0,2026-10-06 00:00:00
HLH,,2026-10-07 12:00:00,39,13.78,0.0,2026-10-06 00:00:00
La Rufina,,2026-10-07 12:00:00,39,13.16,0.0,2026-10-06 00:00:00
San Fernando,,2026-10-07 12:00:00,39,16.21,0.0,2026-10-06 00:00:00
Mi Casa,,2026-10-07 12:00:00,39,15.69,0.0,2026-10-06 00:00:00
Termas del Flaco,,2026-10-07 13:00:00,40,1.37,0.82,2026-10-06 00:00:00
BT Tinguiririca,,2026-10-07 13:00:00,40,2.03,0.02,2026-10-06 00:00:00
BT Portillo,,2026-10-07 13:00:00,40,1.48,0.22,2026-10-06 00:00:00
HLC,,2026-10-07 13:00:00,40,5.47,0.01,2026-10-06 00:00:00
HLH,,2026-10-07 13:00:00,40,12.93,0.0,2026-10-06 00:00:00
La Rufina,,2026-10-07 13:00:00,40,11.72,0.0,2026-10-06 00:00:00
San Fernando,,2026-10-07 13:00:00,40,16.72,0.0,2026-10-06 00:00:00
Mi Casa,,2026-10-07 13:00:00,40,16.51,0.0,2026-10-06 00:00:00
Termas del Flaco,,2026-10-07 14:00:00,41,1.57,0.45,2026-10-06 00:00:00
BT Tinguiririca,,2026-10-07 14:00:00,41,1.99,0.01,2026-10-06 00:00:00
BT Portillo,,2026-10-07 14:00:00,41,1.27,0.29,2026-10-06 00:00:00
HLC,,2026-10-07 14:00:00,41,5.98,0.0,2026-10-06 00:00:00
HLH,,2026-10-07 14:00:00,41,10.76,0.44,2026-10-06 00:00:00
La Rufina,,2026-10-07 14:00:00,41,10.45,2.93,2026-10-06 00:00:00
San Fernando,,2026-10-07 14:00:00,41,17.17,0.0,2026-10-06 00:00:00
Mi Casa,,2026-10-07 14:00:00,41,15.33,0.02,2026-10-06 00:00:00
Termas del Flaco,,2026-10-07 15:00:00,42,1.44,0.08,2026-10-06 00:00:00
BT Tinguiririca,,2026-10-07 15:00:00,42,2.44,0.0,2026-10-06 00:00:00
BT Portillo,,2026-10-07 15:00:00,42,1.3,0.11,2026-10-06 00:00:00
HLC,,2026-10-07 15:00:00,42,5.02,0.47,2026-10-06 00:00:00
HLH,,2026-10-07 15:00:00,42,10.63,3.29,2026-10-06 00:00:00
La Rufina,,2026-10-07 15:00:00,42,11.17,0.46,2026-10-06 00:00:00
San Fernando,,2026-10-07 15:00:00,42,16.55,0.01,2026-10-06 00:00:00
Mi Casa,,2026-10-07 15:00:00,42,16.48,0.0,2026-10-06 00:00:00
Termas del Flaco,,2026-10-07 16:00:00,43,0.24,1.36,2026-10-06 00:00:00
BT Tinguiririca,,2026-10-07 16:00:00,43,1.34,1.47,2026-10-06 00:00:00
BT Portillo,,2026-10-07 16:00:00,43,0.38,1.89,2026-10-06 00:00:00
HLC,,2026-10-07 16:00:00,43,4.88,3.26,2026-10-06 00:00:00
HLH,,2026-10-07 16:00:00,43,10.96,1.04,2026-10-06 00:00:00
La Rufina,,2026-10-07 16:00:00,43,11.62,0.1,2026-10-06 00:00:00
San Fernando,,2026-10-07 16:00:00,43,16.47,0.01,2026-10-06 00:00:00
Mi Casa,,2026-10-07 16:00:00,43,16.27,0.0,2026-10-06 00:00:00
Termas del Flaco,,2026-10-07 17:00:00,44,0.56,3.01,2026-10-06 00:00:00
BT Tinguiririca,,2026-10-07 17:00:00,44,1.39,4.47,2026-10-06 00:00:00
BT Portillo,,2026-10-07 17:00:00,44,1.66,1.34,2026-10-06 00:00:00
HLC,,2026-10-07 17:00:00,44,4.87,4.33,2026-10-06 00:00:00
HLH,,2026-10-07 17:00:00,44,11.18,1.43,2026-10-06 00:00:00
La Rufina,,2026-10-07 17:00:00,44,11.13,2.14,2026-10-06 00:00:00
San Fernando,,2026-10-07 17:00:00,44,15.94,0.0,2026-10-06 00:00:00
Mi Casa,,2026-10-07 17:00:00,44,15.82,0.0,2026-10-06 00:00:00
Termas del Flaco,,2026-10-07 18:00:00,45,1.42,0.65,2026-10-06 00:00:00
BT Tinguiririca,,2026-10-07 18:00:00,45,2.35,2.85,2026-10-06 00:00:00
BT Portillo,,2026-10-07 18:00:00,45,1.21,1.25,2026-10-06 00:00:00
HLC,,2026-10-07 18:00:00,45,5.56,1.46,2026-10-06 00:00:00
HLH,,2026-10-07 18:00:00,45,10.16,0.87,2026-10-06 00:00:00
La Rufina,,2026-10-07 18:00:00,45,10.66,0.22,2026-10-06 00:00:00
San Fernando,,2026-10-07 18:00:00,45,14.96,0.0,2026-10-06 00:00:00
Mi Casa,,2026-10-07 18:00:00,45,14.97,0.0,2026-10-06 00:00:00
Termas del Flaco,,2026-10-07 19:00:00,46,0.75,0.86,2026-10-06 00:00:00
BT Tinguiririca,,2026-10-07 19:00:00,46,1.99,0.16,2026-10-06 00:00:00
BT Portillo,,2026-10-07 19:00:00,46,-2.12,0.78,2026-10-06 00:00:00
HLC,,2026-10-07 19:00:00,46,4.96,0.71,2026-10-06 00:00:00
HLH,,2026-10-07 19:00:00,46,9.66,1.66,2026-10-06 00:00:00
La Rufina,,2026-10-07 19:00:00,46,9.61,0.35,2026-10-06 00:00:00
San Fernando,,2026-10-07 19:00:00,46,13.59,0.0,2026-10-06 00:00:00
Mi Casa,,2026-10-07 19:00:00,46,13.36,0.0,2026-10-06 00:00:00
Termas del Flaco,,2026-10-07 20:00:00,47,0.57,0.46,2026-10-06 00:00:00
BT Tinguiririca,,2026-10-07 20:00:00,47,1.16,0.41,2026-10-06 00:00:00
BT Portillo,,2026-10-07 20:00:00,47,-3.68,0.05,2026-10-06 00:00:00
HLC,,2026-10-07 20:00:00,47,3.58,0.79,2026-10-06 00:00:00
HLH,,2026-10-07 20:00:00,47,8.85,0.41,2026-10-06 00:00:00
La Rufina,,2026-10-07 20:00:00,47,8.94,0.02,2026-10-06 00:00:00
San Fernando,,2026-10-07 20:00:00,47,11.81,0.0,2026-10-06 00:00:00
Mi Casa,,2026-10-07 20:00:00,47,11.48,0.0,2026-10-06 00:00:00
Termas del Flaco,,2026-10-07 21:00:00,48,-1.07,0.0,2026-10-06 00:00:00
BT Tinguiririca,,2026-10-07 21:00:00,48,-0.04,0.08,2026-10-06 00:00:00
BT Portillo,,2026-10-07 21:00:00,48,-0.59,0.07,2026-10-06 00:00:00
HLC,,2026-10-07 21:00:00,48,2.59,0.14,2026-10-06 00:00:00
HLH,,2026-10-07 21:00:00,48,8.53,0.3,2026-10-06 00:00:00
La Rufina,,2026-10-07 21:00:00,48,8.88,0.01,2026-10-06 00:00:00
San Fernando,,2026-10-07 21:00:00,48,10.79,0.0,2026-10-06 00:00:00
Mi Casa,,2026-10-07 21:00:00,48,10.74,0.0,2026-10-06 00:00:00
Termas del Flaco,,2026-10-07 22:00:00,49,-2.54,0.02,2026-10-06 00:00:00
BT Tinguiririca,,2026-10-07 22:00:00,49,-3.33,0.03,2026-10-06 00:00:00
BT Portillo,,2026-10-07 22:00:00,49,-0.35,0.01,2026-10-06 00:00:00
HLC,,2026-10-07 22:00:00,49,2.22,0.0,2026-10-06 00:00:00
HLH,,2026-10-07 22:00:00,49,8.37,0.03,2026-10-06 00:00:00
La Rufina,,2026-10-07 22:00:00,49,7.97,0.0,2026-10-06 00:00:00
San Fernando,,2026-10-07 22:00:00,49,11.72,0.0,2026-10-06 00:00:00
Mi Casa,,2026-10-07 22:00:00,49,10.33,0.0,2026-10-06 00:00:00
Termas del Flaco,,2026-10-07 23:00:00,50,-0.6,0.0,2026-10-06 00:00:00
BT Tinguiririca,,2026-10-07 23:00:00,50,-2.66,0.0,2026-10-06 00:00:00
BT Portillo,,2026-10-07 23:00:00,50,0.47,0.01,2026-10-06 00:00:00
HLC,,2026-10-07 23:00:00,50,2.32,0.0,2026-10-06 00:00:00
HLH,,2026-10-07 23:00:00,50,6.99,0.0,2026-10-06 00:00:00
La Rufina,,2026-10-07 23:00:00,50,7.14,0.0,2026-10-06 00:00:00
San Fernando,,2026-10-07 23:00:00,50,11.38,0.0,2026-10-06 00:00:00
Mi Casa,,2026-10-07 23:00:00,50,9.76,0.0,2026-10-06 00:00:00
Termas del Flaco,,2026-10-08 00:00:00,51,-1.04,0.03,2026-10-06 00:00:00
BT Tinguiririca,,2026-10-08 00:00:00,51,0.47,0.0,2026-10-06 00:00:00
BT Portillo,,2026-10-08 00:00:00,51,0.06,0.08,2026-10-06 00:00:00
HLC,,2026-10-08 00:00:00,51,2.18,0.01,2026-10-06 00:00:00
HLH,,2026-10-08 00:00:00,51,7.44,0.0,2026-10-06 00:00:00
La Rufina,,2026-10-08 00:00:00,51,7.45,0.0,2026-10-06 00:00:00
San Fernando,,2026-10-08 00:00:00,51,11.06,0.0,2026-10-06 00:00:00
Mi Casa,,2026-10-08 00:00:00,51,9.65,0.0,2026-10-06 00:00:00
Termas del Flaco,,2026-10-08 01:00:00,52,-2.21,0.0,2026-10-06 00:00:00
BT Tinguiririca,,2026-10-08 01:00:00,52,-1.4,0.0,2026-10-06 00:00:00
BT Portillo,,2026-10-08 01:00:00,52,-0.04,0.0,2026-10-06 00:00:00
HLC,,2026-10-08 01:00:00,52,2.2,0.0,2026-10-06 00:00:00
HLH,,2026-10-08 01:00:00,52,7.9,0.0,2026-10-06 00:00:00
La Rufina,,2026-10-08 01:00:00,52,7.19,0.0,2026-10-06 00:00:00
San Fernando,,2026-10-08 01:00:00,52,9.72,0.0,2026-10-06 00:00:00
Mi Casa,,2026-10-08 01:00:00,52,9.61,0.0,2026-10-06 00:00:00
Termas del Flaco,,2026-10-08 02:00:00,53,-0.45,0.0,2026-10-06 00:00:00
BT Tinguiririca,,2026-10-08 02:00:00,53,-2.43,0.0,2026-10-06 00:00:00
BT Portillo,,2026-10-08 02:00:00,53,0.58,0.01,2026-10-06 00:00:00
HLC,,2026-10-08 02:00:00,53,2.41,0.0,2026-10-06 00:00:00
HLH,,2026-10-08 02:00:00,53,7.37,0.0,2026-10-06 00:00:00
La Rufina,,2026-10-08 02:00:00,53,8.68,0.07,2026-10-06 00:00:00
San Fernando,,2026-10-08 02:00:00,53,10.31,0.0,2026-10-06 00:00:00
Mi Casa,,2026-10-08 02:00:00,53,9.65,0.0,2026-10-06 00:00:00
Termas del Flaco,,2026-10-08 03:00:00,54,-0.8,0.0,2026-10-06 00:00:00
BT Tinguiririca,,2026-10-08 03:00:00,54,-2.11,0.0,2026-10-06 00:00:00
BT Portillo,,2026-10-08 03:00:00,54,0.97,0.0,2026-10-06 00:00:00
HLC,,2026-10-08 03:00:00,54,2.47,0.0,2026-10-06 00:00:00
HLH,,2026-10-08 03:00:00,54,7.52,0.0,2026-10-06 00:00:00
La Rufina,,2026-10-08 03:00:00,54,7.25,0.03,2026-10-06 00:00:00
San Fernando,,2026-10-08 03:00:00,54,10.3,0.0,2026-10-06 00:00:00
Mi Casa,,2026-10-08 03:00:00,54,9.81,0.0,2026-10-06 00:00:00
Termas del Flaco,,2026-10-08 04:00:00,55,0.94,0.0,2026-10-06 00:00:00
BT Tinguiririca,,2026-10-08 04:00:00,55,-1.47,0.0,2026-10-06 00:00:00
BT Portillo,,2026-10-08 04:00:00,55,1.46,0.0,2026-10-06 00:00:00
HLC,,2026-10-08 04:00:00,55,2.47,0.0,2026-10-06 00:00:00
HLH,,2026-10-08 04:00:00,55,8.02,0.0,2026-10-06 00:00:00
La Rufina,,2026-10-08 04:00:00,55,8.31,0.0,2026-10-06 00:00:00
San Fernando,,2026-10-08 04:00:00,55,10.36,0.0,2026-10-06 00:00:00
Mi Casa,,2026-10-08 04:00:00,55,9.37,0.0,2026-10-06 00:00:00
Termas del Flaco,,2026-10-08 05:00:00,56,0.85,0.0,2026-10-06 00:00:00
BT Tinguiririca,,2026-10-08 05:00:00,56,-1.9,0.0,2026-10-06 00:00:00
BT Portillo,,2026-10-08 05:00:00,56,0.96,0.01,2026-10-06 00:00:00
HLC,,2026-10-08 05:00:00,56,2.28,0.0,2026-10-06 00:00:00
HLH,,2026-10-08 05:00:00,56,8.06,0.07,2026-10-06 00:00:00
La Rufina,,2026-10-08 05:00:00,56,8.12,0.06,2026-10-06 00:00:00
San Fernando,,2026-10-08 05:00:00,56,10.01,0.0,2026-10-06 00:00:00
Mi Casa,,2026-10-08 05:00:00,56,9.61,0.0,2026-10-06 00:00:00
Termas del Flaco,,2026-10-08 06:00:00,57,0.74,0.0,2026-10-06 00:00:00
BT Tinguiririca,,2026-10-08 06:00:00,57,-2.61,0.0,2026-10-06 00:00:00
BT Portillo,,2026-10-08 06:00:00,57,0.59,0.0,2026-10-06 00:00:00
HLC,,2026-10-08 06:00:00,57,2.32,0.0,2026-10-06 00:00:00
HLH,,2026-10-08 06:00:00,57,6.41,0.0,2026-10-06 00:00:00
La Rufina,,2026-10-08 06:00:00,57,7.25,0.02,2026-10-06 00:00:00
San Fernando,,2026-10-08 06:00:00,57,9.63,0.01,2026-10-06 00:00:00
Mi Casa,,2026-10-08 06:00:00,57,9.26,0.06,2026-10-06 00:00:00
Termas del Flaco,,2026-10-08 07:00:00,58,0.55,0.0,2026-10-06 00:00:00
BT Tinguiririca,,2026-10-08 07:00:00,58,-2.78,0.0,2026-10-06 00:00:00
BT Portillo,,2026-10-08 07:00:00,58,0.31,0.0,2026-10-06 00:00:00
HLC,,2026-10-08 07:00:00,58,2.87,0.0,2026-10-06 00:00:00
HLH,,2026-10-08 07:00:00,58,6.28,0.0,2026-10-06 00:00:00
La Rufina,,2026-10-08 07:00:00,58,6.38,0.0,2026-10-06 00:00:00
San Fernando,,2026-10-08 07:00:00,58,9.53,0.0,2026-10-06 00:00:00
Mi Casa,,2026-10-08 07:00:00,58,9.4,0.08,2026-10-06 00:00:00
Termas del Flaco,,2026-10-08 08:00:00,59,0.82,0.0,2026-10-06 00:00:00
BT Tinguiririca,,2026-10-08 08:00:00,59,-1.85,0.0,2026-10-06 00:00:00
BT Portillo,,2026-10-08 08:00:00,59,0.24,0.01,2026-10-06 00:00:00
HLC,,2026-10-08 08:00:00,59,3.74,0.0,2026-10-06 00:00:00
HLH,,2026-10-08 08:00:00,59,7.35,0.0,2026-10-06 00:00:00
La Rufina,,2026-10-08 08:00:00,59,7.77,0.0,2026-10-06 00:00:00
San Fernando,,2026-10-08 08:00:00,59,9.57,0.0,2026-10-06 00:00:00
Mi Casa,,2026-10-08 08:00:00,59,9.56,0.0,2026-10-06 00:00:00
Termas del Flaco,,2026-10-08 09:00:00,60,0.84,0.0,2026-10-06 00:00:00
BT Tinguiririca,,2026-10-08 09:00:00,60,-0.55,0.0,2026-10-06 00:00:00
BT Portillo,,2026-10-08 09:00:00,60,0.85,0.01,2026-10-06 00:00:00
HLC,,2026-10-08 09:00:00,60,5.28,0.0,2026-10-06 00:00:00
HLH,,2026-10-08 09:00:00,60,8.51,0.0,2026-10-06 00:00:00
La Rufina,,2026-10-08 09:00:00,60,8.57,0.0,2026-10-06 00:00:00
San Fernando,,2026-10-08 09:00:00,60,10.17,0.0,2026-10-06 00:00:00
Mi Casa,,2026-10-08 09:00:00,60,10.06,0.0,2026-10-06 00:00:00
Termas del Flaco,,2026-10-08 10:00:00,61,1.74,0.0,2026-10-06 00:00:00
BT Tinguiririca,,2026-10-08 10:00:00,61,1.06,0.0,2026-10-06 00:00:00
BT Portillo,,2026-10-08 10:00:00,61,1.71,0.03,2026-10-06 00:00:00
HLC,,2026-10-08 10:00:00,61,6.87,0.0,2026-10-06 00:00:00
HLH,,2026-10-08 10:00:00,61,10.0,0.0,2026-10-06 00:00:00
La Rufina,,2026-10-08 10:00:00,61,9.8,0.0,2026-10-06 00:00:00
San Fernando,,2026-10-08 10:00:00,61,11.2,0.01,2026-10-06 00:00:00
Mi Casa,,2026-10-08 10:00:00,61,10.68,0.0,2026-10-06 00:00:00
Termas del Flaco,,2026-10-08 11:00:00,62,2.03,0.0,2026-10-06 00:00:00
BT Tinguiririca,,2026-10-08 11:00:00,62,1.85,0.0,2026-10-06 00:00:00
BT Portillo,,2026-10-08 11:00:00,62,2.15,0.04,2026-10-06 00:00:00
HLC,,2026-10-08 11:00:00,62,8.38,0.0,2026-10-06 00:00:00
HLH,,2026-10-08 11:00:00,62,11.13,0.0,2026-10-06 00:00:00
La Rufina,,2026-10-08 11:00:00,62,10.93,0.0,2026-10-06 00:00:00
San Fernando,,2026-10-08 11:00:00,62,12.1,0.24,2026-10-06 00:00:00
Mi Casa,,2026-10-08 11:00:00,62,11.49,0.28,2026-10-06 00:00:00
Termas del Flaco,,2026-10-08 12:00:00,63,2.05,0.0,2026-10-06 00:00:00
BT Tinguiririca,,2026-10-08 12:00:00,63,2.92,0.0,2026-10-06 00:00:00
BT Portillo,,2026-10-08 12:00:00,63,2.46,0.03,2026-10-06 00:00:00
HLC,,2026-10-08 12:00:00,63,8.97,0.0,2026-10-06 00:00:00
HLH,,2026-10-08 12:00:00,63,11.65,0.0,2026-10-06 00:00:00
La Rufina,,2026-10-08 12:00:00,63,11.32,0.0,2026-10-06 00:00:00
San Fernando,,2026-10-08 12:00:00,63,13.39,0.0,2026-10-06 00:00:00
Mi Casa,,2026-10-08 12:00:00,63,12.91,0.04,2026-10-06 00:00:00
Termas del Flaco,,2026-10-08 13:00:00,64,1.79,0.02,2026-10-06 00:00:00
BT Tinguiririca,,2026-10-08 13:00:00,64,3.35,0.0,2026-10-06 00:00:00
BT Portillo,,2026-10-08 13:00:00,64,2.63,0.02,2026-10-06 00:00:00
HLC,,2026-10-08 13:00:00,64,9.0,0.0,2026-10-06 00:00:00
HLH,,2026-10-08 13:00:00,64,12.0,0.0,2026-10-06 00:00:00
La Rufina,,2026-10-08 13:00:00,64,11.86,0.0,2026-10-06 00:00:00
San Fernando,,2026-10-08 13:00:00,64,14.48,0.0,2026-10-06 00:00:00
Mi Casa,,2026-10-08 13:00:00,64,13.97,0.0,2026-10-06 00:00:00
Termas del Flaco,,2026-10-08 14:00:00,65,1.59,0.41,2026-10-06 00:00:00
BT Tinguiririca,,2026-10-08 14:00:00,65,3.35,0.02,2026-10-06 00:00:00
BT Portillo,,2026-10-08 14:00:00,65,2.46,0.04,2026-10-06 00:00:00
HLC,,2026-10-08 14:00:00,65,8.56,0.11,2026-10-06 00:00:00
HLH,,2026-10-08 14:00:00,65,11.1,0.0,2026-10-06 00:00:00
La Rufina,,2026-10-08 14:00:00,65,11.36,0.03,2026-10-06 00:00:00
San Fernando,,2026-10-08 14:00:00,65,14.49,0.0,2026-10-06 00:00:00
Mi Casa,,2026-10-08 14:00:00,65,14.11,0.0,2026-10-06 00:00:00
Termas del Flaco,,2026-10-08 15:00:00,66,1.59,0.25,2026-10-06 00:00:00
BT Tinguiririca,,2026-10-08 15:00:00,66,3.64,0.25,2026-10-06 00:00:00
BT Portillo,,2026-10-08 15:00:00,66,2.31,0.35,2026-10-06 00:00:00
HLC,,2026-10-08 15:00:00,66,7.79,0.36,2026-10-06 00:00:00
HLH,,2026-10-08 15:00:00,66,11.06,0.17,2026-10-06 00:00:00
La Rufina,,2026-10-08 15:00:00,66,11.98,0.0,2026-10-06 00:00:00
San Fernando,,2026-10-08 15:00:00,66,14.55,0.01,2026-10-06 00:00:00
Mi Casa,,2026-10-08 15:00:00,66,13.78,0.09,2026-10-06 00:00:00
Termas del Flaco,,2026-10-08 16:00:00,67,1.33,0.08,2026-10-06 00:00:00
BT Tinguiririca,,2026-10-08 16:00:00,67,3.5,0.19,2026-10-06 00:00:00
BT Portillo,,2026-10-08 16:00:00,67,2.18,0.04,2026-10-06 00:00:00
HLC,,2026-10-08 16:00:00,67,7.69,0.15,2026-10-06 00:00:00
HLH,,2026-10-08 16:00:00,67,12.05,0.11,2026-10-06 00:00:00
La Rufina,,2026-10-08 16:00:00,67,12.21,0.0,2026-10-06 00:00:00
San Fernando,,2026-10-08 16:00:00,67,16.72,0.0,2026-10-06 00:00:00
Mi Casa,,2026-10-08 16:00:00,67,15.66,0.03,2026-10-06 00:00:00
Termas del Flaco,,2026-10-08 17:00:00,68,1.39,0.07,2026-10-06 00:00:00
BT Tinguiririca,,2026-10-08 17:00:00,68,2.99,0.14,2026-10-06 00:00:00
BT Portillo,,2026-10-08 17:00:00,68,1.51,0.71,2026-10-06 00:00:00
HLC,,2026-10-08 17:00:00,68,7.08,0.17,2026-10-06 00:00:00
HLH,,2026-10-08 17:00:00,68,12.15,0.0,2026-10-06 00:00:00
La Rufina,,2026-10-08 17:00:00,68,12.17,0.0,2026-10-06 00:00:00
San Fernando,,2026-10-08 17:00:00,68,16.65,0.0,2026-10-06 00:00:00
Mi Casa,,2026-10-08 17:00:00,68,14.92,0.13,2026-10-06 00:00:00
Termas del Flaco,,2026-10-08 18:00:00,69,1.13,0.06,2026-10-06 00:00:00
BT Tinguiririca,,2026-10-08 18:00:00,69,2.35,0.12,2026-10-06 00:00:00
BT Portillo,,2026-10-08 18:00:00,69,0.27,0.17,2026-10-06 00:00:00
HLC,,2026-10-08 18:00:00,69,6.11,0.1,2026-10-06 00:00:00
HLH,,2026-10-08 18:00:00,69,12.07,0.0,2026-10-06 00:00:00
La Rufina,,2026-10-08 18:00:00,69,12.33,0.0,2026-10-06 00:00:00
San Fernando,,2026-10-08 18:00:00,69,15.14,0.32,2026-10-06 00:00:00
Mi Casa,,2026-10-08 18:00:00,69,15.1,0.06,2026-10-06 00:00:00
Termas del Flaco,,2026-10-08 19:00:00,70,-0.93,0.03,2026-10-06 00:00:00
BT Tinguiririca,,2026-10-08 19:00:00,70,-0.95,0.0,2026-10-06 00:00:00
BT Portillo,,2026-10-08 19:00:00,70,-1.51,0.0,2026-10-06 00:00:00
HLC,,2026-10-08 19:00:00,70,5.27,0.0,2026-10-06 00:00:00
HLH,,2026-10-08 19:00:00,70,10.47,0.15,2026-10-06 00:00:00
La Rufina,,2026-10-08 19:00:00,70,10.94,0.0,2026-10-06 00:00:00
San Fernando,,2026-10-08 19:00:00,70,14.95,0.0,2026-10-06 00:00:00
Mi Casa,,2026-10-08 19:00:00,70,14.46,0.08,2026-10-06 00:00:00
Termas del Flaco,,2026-10-08 20:00:00,71,-1.67,0.0,2026-10-06 00:00:00
BT Tinguiririca,,2026-10-08 20:00:00,71,-2.63,0.0,2026-10-06 00:00:00
BT Portillo,,2026-10-08 20:00:00,71,-2.21,0.0,2026-10-06 00:00:00
HLC,,2026-10-08 20:00:00,71,2.83,0.0,2026-10-06 00:00:00
HLH,,2026-10-08 20:00:00,71,9.68,0.31,2026-10-06 00:00:00
La Rufina,,2026-10-08 20:00:00,71,8.88,0.0,2026-10-06 00:00:00
San Fernando,,2026-10-08 20:00:00,71,13.06,0.05,2026-10-06 00:00:00
Mi Casa,,2026-10-08 20:00:00,71,12.93,0.01,2026-10-06 00:00:00
Termas del Flaco,,2026-10-08 21:00:00,72,-2.23,0.0,2026-10-06 00:00:00
BT Tinguiririca,,2026-10-08 21:00:00,72,-4.23,0.0,2026-10-06 00:00:00
BT Portillo,,2026-10-08 21:00:00,72,-3.0,0.0,2026-10-06 00:00:00
HLC,,2026-10-08 21:00:00,72,1.98,0.0,2026-10-06 00:00:00
HLH,,2026-10-08 21:00:00,72,8.11,0.0,2026-10-06 00:00:00
La Rufina,,2026-10-08 21:00:00,72,9.28,0.26,2026-10-06 00:00:00
San Fernando,,2026-10-08 21:00:00,72,11.03,0.0,2026-10-06 00:00:00
Mi Casa,,2026-10-08 21:00:00,72,10.83,0.0,2026-10-06 00:00:00
